year,month,day,hour,wind_speed,air_temp
2023,05,01,00,20.5,7.2
2023,05,01,01,21.3,7.5
2023,05,01,02,21.0,7.5
2023,05,01,03,21.5,7.6
2023,05,01,04,23.3,8.3
2023,05,01,05,22.7,8.0
2023,05,01,06,22.3,7.9
2023,05,01,07,21.8,8.4
2023,05,01,08,21.5,8.2
2023,05,01,09,23.0,8.5
2023,05,01,10,22.7,9.2
2023,05,01,11,22.2,9.5
2023,05,01,12,18.8,9.3
2023,05,01,13,16.7,9.4
2023,05,01,14,15.4,9.1
2023,05,01,15,15.3,9.1
2023,05,01,16,13.7,8.8
2023,05,01,17,14.0,8.7
2023,05,01,18,11.6,8.7
2023,05,01,19,10.9,8.9
2023,05,01,20,9.0,8.9
2023,05,01,21,8.8,8.8
2023,05,01,22,9.7,8.8
2023,05,01,23,9.7,8.4
2023,05,02,00,8.7,7.9
2023,05,02,01,8.6,7.3
2023,05,02,02,9.9,7.4
2023,05,02,03,9.0,7.3
2023,05,02,04,9.6,7.5
2023,05,02,05,8.2,7.3
2023,05,02,06,8.9,7.3
2023,05,02,07,8.2,7.5
2023,05,02,08,6.8,7.6
2023,05,02,09,6.4,7.4
2023,05,02,10,6.7,7.3
2023,05,02,11,6.2,7.4
2023,05,02,12,6.8,8.5
2023,05,02,13,6.2,8.7
2023,05,02,14,6.2,7.9
2023,05,02,15,6.9,7.6
2023,05,02,16,7.7,7.4
2023,05,02,17,9.5,7.3
2023,05,02,18,9.2,6.9
2023,05,02,19,9.3,6.6
2023,05,02,20,9.0,5.7
2023,05,02,21,9.5,6.2
2023,05,02,22,8.4,6.4
2023,05,02,23,8.2,6.5
2023,05,03,00,8.6,6.6
2023,05,03,01,8.3,5.7
2023,05,03,02,9.3,6.0
2023,05,03,03,10.7,5.8
2023,05,03,04,12.0,5.9
2023,05,03,05,11.1,5.9
2023,05,03,06,12.4,5.5
2023,05,03,07,11.3,5.2
2023,05,03,08,8.4,5.3
2023,05,03,09,9.2,5.3
2023,05,03,10,8.0,5.3
2023,05,03,11,8.5,5.3
2023,05,03,12,8.0,5.3
2023,05,03,13,8.3,5.3
2023,05,03,14,9.0,5.4
2023,05,03,15,8.2,5.2
2023,05,03,16,8.9,5.4
2023,05,03,17,8.9,5.3
2023,05,03,18,8.7,5.4
2023,05,03,19,7.9,5.6
2023,05,03,20,10.6,5.8
2023,05,03,21,11.9,5.9
2023,05,03,22,11.2,5.8
2023,05,03,23,11.5,5.7
2023,05,04,00,12.1,5.7
2023,05,04,01,13.4,5.7
2023,05,04,02,13.0,5.3
2023,05,04,03,12.2,4.9
2023,05,04,04,13.3,4.8
2023,05,04,05,11.9,4.9
2023,05,04,06,12.3,4.7
2023,05,04,07,11.3,4.6
2023,05,04,08,11.8,4.6
2023,05,04,09,11.6,4.6
2023,05,04,10,11.4,4.5
2023,05,04,11,11.2,4.7
2023,05,04,12,10.9,4.9
2023,05,04,13,12.0,4.8
2023,05,04,14,10.9,5.3
2023,05,04,15,10.7,5.7
2023,05,04,16,8.2,6.2
2023,05,04,17,6.8,6.5
2023,05,04,18,7.4,7.0
2023,05,04,19,9.1,6.9
2023,05,04,20,7.1,6.6
2023,05,04,21,5.1,6.4
2023,05,04,22,8.8,7.3
2023,05,04,23,8.6,7.0
2023,05,05,00,8.9,7.0
2023,05,05,01,9.1,7.0
2023,05,05,02,11.2,7.0
2023,05,05,03,9.3,6.7
2023,05,05,04,10.1,6.5
2023,05,05,05,9.9,6.4
2023,05,05,06,11.4,6.3
2023,05,05,07,11.4,6.2
2023,05,05,08,10.3,6.2
2023,05,05,09,10.5,6.2
2023,05,05,10,10.1,6.1
2023,05,05,11,9.4,6.0
2023,05,05,12,10.2,6.1
2023,05,05,13,5.2,6.1
2023,05,05,14,4.5,6.6
2023,05,05,15,5.0,7.2
2023,05,05,16,3.3,7.9
2023,05,05,17,2.5,8.8
2023,05,05,18,2.7,8.8
2023,05,05,19,3.9,10.6
2023,05,05,20,5.0,9.9
2023,05,05,21,5.4,9.6
2023,05,05,22,6.4,9.3
2023,05,05,23,4.9,8.7
2023,05,06,00,6.6,7.6
2023,05,06,01,6.7,7.5
2023,05,06,02,6.6,7.4
2023,05,06,03,6.3,7.3
2023,05,06,04,5.4,7.0
2023,05,06,05,4.3,7.4
2023,05,06,06,3.6,7.2
2023,05,06,07,6.3,7.6
2023,05,06,08,7.3,8.4
2023,05,06,09,5.8,8.5
2023,05,06,10,6.4,8.3
2023,05,06,11,5.9,8.3
2023,05,06,12,6.8,8.5
2023,05,06,13,6.4,8.8
2023,05,06,14,6.3,9.6
2023,05,06,15,6.2,9.4
2023,05,06,16,6.3,11.0
2023,05,06,17,7.1,11.1
2023,05,06,18,7.5,10.8
2023,05,06,19,7.1,11.0
2023,05,06,20,10.2,11.9
2023,05,06,21,10.3,10.8
2023,05,06,22,10.6,11.7
2023,05,06,23,10.7,11.4
2023,05,07,00,8.4,10.5
2023,05,07,01,8.6,10.1
2023,05,07,02,7.5,10.1
2023,05,07,03,6.1,8.0
2023,05,07,04,6.8,7.8
2023,05,07,05,5.1,8.0
2023,05,07,06,4.3,8.4
2023,05,07,07,2.6,7.7
2023,05,07,08,2.4,8.6
2023,05,07,09,2.3,8.3
2023,05,07,10,0.6,8.9
2023,05,07,11,1.7,8.5
2023,05,07,12,1.9,8.9
2023,05,07,13,3.8,9.3
2023,05,07,14,5.3,9.4
2023,05,07,15,4.3,9.9
2023,05,07,16,6.7,10.0
2023,05,07,17,8.4,10.6
2023,05,07,18,7.7,11.1
2023,05,07,19,8.4,11.6
2023,05,07,20,8.5,11.5
2023,05,07,21,9.6,11.0
2023,05,07,22,10.2,11.0
2023,05,07,23,9.8,10.4
2023,05,08,00,10.2,10.4
2023,05,08,01,9.0,9.9
2023,05,08,02,9.8,10.4
2023,05,08,03,8.2,9.7
2023,05,08,04,8.4,9.4
2023,05,08,05,8.6,9.6
2023,05,08,06,6.5,9.4
2023,05,08,07,6.9,9.5
2023,05,08,08,6.3,8.8
2023,05,08,09,7.7,10.2
2023,05,08,10,8.7,10.9
2023,05,08,11,8.8,10.4
2023,05,08,12,8.5,11.3
2023,05,08,13,8.0,10.5
2023,05,08,14,6.2,11.6
2023,05,08,15,4.9,11.1
2023,05,08,16,7.9,12.1
2023,05,08,17,6.5,12.1
2023,05,08,18,7.7,12.9
2023,05,08,19,10.5,13.2
2023,05,08,20,9.1,12.6
2023,05,08,21,12.0,11.7
2023,05,08,22,13.3,11.4
2023,05,08,23,10.2,10.6
2023,05,09,00,9.6,9.7
2023,05,09,01,7.3,9.6
2023,05,09,02,4.7,9.0
2023,05,09,03,4.8,8.4
2023,05,09,04,5.8,8.8
2023,05,09,05,4.9,8.5
2023,05,09,06,5.9,7.8
2023,05,09,07,8.8,7.6
2023,05,09,08,8.8,7.1
2023,05,09,09,8.5,6.8
2023,05,09,10,6.9,6.7
2023,05,09,11,4.9,6.6
2023,05,09,12,4.7,6.8
2023,05,09,13,4.2,7.1
2023,05,09,14,5.3,7.3
2023,05,09,15,3.2,7.8
2023,05,09,16,0.6,9.1
2023,05,09,17,3.7,9.4
2023,05,09,18,8.0,8.2
2023,05,09,19,7.8,8.4
2023,05,09,20,8.4,8.4
2023,05,09,21,8.3,8.4
2023,05,09,22,9.2,8.2
2023,05,09,23,8.1,8.1
2023,05,10,00,8.0,8.1
2023,05,10,01,9.1,7.9
2023,05,10,02,8.6,7.9
2023,05,10,03,8.6,7.9
2023,05,10,04,7.2,7.7
2023,05,10,05,6.3,7.5
2023,05,10,06,6.1,7.4
2023,05,10,07,5.6,7.3
2023,05,10,08,5.4,7.6
2023,05,10,09,4.7,7.5
2023,05,10,10,4.2,7.5
2023,05,10,11,6.8,7.5
2023,05,10,12,6.3,7.9
2023,05,10,13,6.7,8.1
2023,05,10,14,6.2,7.9
2023,05,10,15,7.3,8.3
2023,05,10,16,8.9,8.9
2023,05,10,17,9.2,9.3
2023,05,10,18,9.9,9.4
2023,05,10,19,10.4,9.5
2023,05,10,20,9.2,9.9
2023,05,10,21,10.5,10.3
2023,05,10,22,10.2,10.0
2023,05,10,23,9.9,9.9
2023,05,11,00,10.9,10.2
2023,05,11,01,11.1,10.1
2023,05,11,02,8.7,9.8
2023,05,11,03,8.6,9.2
2023,05,11,04,7.2,9.0
2023,05,11,05,7.9,8.8
2023,05,11,06,7.8,9.8
2023,05,11,07,8.2,10.5
2023,05,11,08,7.3,9.9
2023,05,11,09,9.0,10.7
2023,05,11,10,7.6,9.8
2023,05,11,11,5.6,9.5
2023,05,11,12,5.6,9.3
2023,05,11,13,7.4,9.5
2023,05,11,14,5.5,11.9
2023,05,11,15,3.9,10.9
2023,05,11,16,5.6,11.6
2023,05,11,17,6.3,10.6
2023,05,11,18,7.4,10.5
2023,05,11,19,7.9,11.1
2023,05,11,20,9.9,12.6
2023,05,11,21,9.4,10.9
2023,05,11,22,8.4,11.6
2023,05,11,23,9.5,11.4
2023,05,12,00,9.2,11.0
2023,05,12,01,8.0,10.5
2023,05,12,02,7.4,10.3
2023,05,12,03,8.5,10.8
2023,05,12,04,6.3,9.7
2023,05,12,05,4.0,9.2
2023,05,12,06,3.4,9.6
2023,05,12,08,1.9,10.9
2023,05,12,09,1.5,10.8
2023,05,12,10,1.2,11.4
2023,05,12,11,1.4,11.6
2023,05,12,12,1.2,12.4
2023,05,12,13,1.4,15.5
2023,05,12,14,3.3,15.0
2023,05,12,15,5.7,13.3
2023,05,12,16,5.5,11.7
2023,05,12,17,5.6,12.0
2023,05,12,18,3.6,13.1
2023,05,12,19,3.7,13.5
2023,05,12,20,6.2,11.8
2023,05,12,21,6.3,11.1
2023,05,12,22,4.7,12.8
2023,05,12,23,4.8,12.7
2023,05,13,00,6.0,11.4
2023,05,13,01,8.5,11.9
2023,05,13,02,6.2,10.8
2023,05,13,03,8.3,11.1
2023,05,13,04,9.2,11.7
2023,05,13,05,8.5,11.1
2023,05,13,06,8.9,11.4
2023,05,13,07,5.9,10.9
2023,05,13,08,7.4,10.9
2023,05,13,09,4.4,13.0
2023,05,13,10,6.1,12.0
2023,05,13,11,8.2,11.5
2023,05,13,12,7.8,11.8
2023,05,13,13,7.1,12.5
2023,05,13,14,5.8,13.1
2023,05,13,15,5.1,13.7
2023,05,13,16,5.1,13.4
2023,05,13,17,7.8,13.0
2023,05,13,18,9.3,14.0
2023,05,13,19,8.7,14.7
2023,05,13,20,9.0,14.6
2023,05,13,21,5.8,15.4
2023,05,13,22,4.1,15.4
2023,05,13,23,12.5,12.4
2023,05,14,00,11.1,11.9
2023,05,14,01,14.1,9.4
2023,05,14,02,11.8,8.5
2023,05,14,03,14.2,8.5
2023,05,14,04,10.3,8.2
2023,05,14,05,9.7,8.1
2023,05,14,06,6.9,7.7
2023,05,14,07,8.6,7.8
2023,05,14,08,9.7,7.8
2023,05,14,09,9.1,7.6
2023,05,14,10,9.1,7.4
2023,05,14,11,8.6,7.4
2023,05,14,12,7.9,7.5
2023,05,14,13,8.1,7.7
2023,05,14,14,5.0,7.9
2023,05,14,15,6.7,8.0
2023,05,14,16,8.3,8.8
2023,05,14,17,10.0,8.1
2023,05,14,18,10.0,8.3
2023,05,14,19,9.1,8.7
2023,05,14,20,9.1,8.8
2023,05,14,21,8.8,8.9
2023,05,14,22,9.2,9.0
2023,05,14,23,8.0,9.1
2023,05,15,00,6.2,10.4
2023,05,15,01,6.8,11.6
2023,05,15,02,7.4,11.9
2023,05,15,03,6.1,12.7
2023,05,15,04,6.9,11.0
2023,05,15,05,6.7,10.4
2023,05,15,06,6.2,9.4
2023,05,15,07,7.4,8.7
2023,05,15,08,6.6,9.0
2023,05,15,09,5.5,8.4
2023,05,15,10,5.3,9.1
2023,05,15,11,6.2,8.6
2023,05,15,12,5.6,8.5
2023,05,15,13,8.5,8.7
2023,05,15,14,10.1,9.0
2023,05,15,15,8.9,9.0
2023,05,15,16,9.8,9.7
2023,05,15,17,13.3,10.8
2023,05,15,18,13.6,11.6
2023,05,15,19,12.5,10.8
2023,05,15,20,14.0,10.6
2023,05,15,21,11.7,10.3
2023,05,15,22,10.9,10.1
2023,05,15,23,12.2,10.4
2023,05,16,00,10.7,10.1
2023,05,16,01,7.7,9.8
2023,05,16,02,8.1,9.9
2023,05,16,03,8.1,10.7
2023,05,16,04,10.1,10.9
2023,05,16,05,10.0,11.3
2023,05,16,06,9.7,11.3
2023,05,16,07,10.6,10.7
2023,05,16,08,10.7,11.0
2023,05,16,09,7.3,9.8
2023,05,16,10,6.2,9.8
2023,05,16,11,6.4,10.7
2023,05,16,12,7.7,10.5
2023,05,16,13,7.1,9.7
2023,05,16,14,7.7,9.4
2023,05,16,15,7.6,9.5
2023,05,16,16,8.9,9.8
2023,05,16,17,8.3,9.6
2023,05,16,18,7.1,9.8
2023,05,16,19,7.2,9.8
2023,05,16,20,6.7,9.8
2023,05,16,21,4.3,9.8
2023,05,16,22,3.8,10.3
2023,05,16,23,0.0,9.5
2023,05,17,00,3.1,11.8
2023,05,17,01,8.4,10.0
2023,05,17,02,6.1,8.7
2023,05,17,03,5.6,8.5
2023,05,17,04,5.1,8.0
2023,05,17,05,7.9,8.5
2023,05,17,06,8.3,7.8
2023,05,17,07,9.4,7.3
2023,05,17,08,9.7,7.1
2023,05,17,09,9.6,6.8
2023,05,17,10,9.0,6.7
2023,05,17,11,8.9,6.6
2023,05,17,12,10.4,6.8
2023,05,17,13,8.7,7.1
2023,05,17,14,6.0,7.3
2023,05,17,15,7.8,7.5
2023,05,17,16,7.8,8.1
2023,05,17,17,13.0,7.7
2023,05,17,18,9.9,7.8
2023,05,17,19,11.7,7.9
2023,05,17,20,13.6,7.6
2023,05,17,21,14.6,7.4
2023,05,17,22,15.1,7.7
2023,05,17,23,13.4,7.1
2023,05,18,00,16.1,6.8
2023,05,18,01,13.7,6.5
2023,05,18,02,13.4,6.1
2023,05,18,03,12.4,5.6
2023,05,18,04,12.7,5.4
2023,05,18,05,12.9,5.6
2023,05,18,06,13.4,5.5
2023,05,18,07,12.0,5.4
2023,05,18,08,9.8,5.1
2023,05,18,09,11.7,4.8
2023,05,18,10,10.0,5.1
2023,05,18,11,8.4,5.2
2023,05,18,12,7.2,5.8
2023,05,18,13,7.0,6.1
2023,05,18,14,8.0,6.3
2023,05,18,15,7.4,6.5
2023,05,18,16,7.1,6.7
2023,05,18,17,6.8,7.3
2023,05,18,18,8.1,7.3
2023,05,18,19,9.1,7.8
2023,05,18,20,11.1,8.0
2023,05,18,21,99.0,999.0
2023,05,18,22,10.7,8.3
2023,05,18,23,11.0,8.1
2023,05,19,00,10.6,7.9
2023,05,19,01,9.8,7.8
2023,05,19,02,10.3,7.9
2023,05,19,03,9.8,8.0
2023,05,19,04,9.3,8.0
2023,05,19,05,10.1,8.0
2023,05,19,06,8.9,7.9
2023,05,19,07,7.4,7.8
2023,05,19,08,9.1,7.7
2023,05,19,09,8.8,7.7
2023,05,19,10,10.7,8.0
2023,05,19,11,11.3,8.3
2023,05,19,12,11.1,8.4
2023,05,19,13,11.5,8.7
2023,05,19,14,11.8,8.5
2023,05,19,15,11.4,8.7
2023,05,19,16,10.0,8.9
2023,05,19,17,10.8,8.9
2023,05,19,18,9.9,8.9
2023,05,19,19,10.8,9.0
2023,05,19,20,11.7,9.0
2023,05,19,21,12.5,9.1
2023,05,19,22,12.2,9.0
2023,05,19,23,12.6,8.8
2023,05,20,00,13.5,8.6
2023,05,20,01,13.1,8.6
2023,05,20,02,13.1,8.6
2023,05,20,03,12.9,8.7
2023,05,20,04,11.3,8.6
2023,05,20,05,11.1,8.6
2023,05,20,06,10.4,8.9
2023,05,20,07,8.0,8.4
2023,05,20,08,6.9,8.2
2023,05,20,09,6.4,8.2
2023,05,20,10,5.2,8.4
2023,05,20,11,3.7,8.6
2023,05,20,12,4.6,9.5
2023,05,20,13,6.6,9.7
2023,05,20,14,7.0,9.8
2023,05,20,15,8.2,9.9
2023,05,20,16,6.2,10.0
2023,05,20,17,8.5,10.4
2023,05,20,18,6.0,10.6
2023,05,20,19,5.9,10.7
2023,05,20,20,5.6,10.3
2023,05,20,21,9.6,10.1
2023,05,20,22,8.8,10.1
2023,05,20,23,9.3,10.0
2023,05,21,00,9.6,9.8
2023,05,21,01,10.1,10.1
2023,05,21,02,11.9,10.0
2023,05,21,03,12.7,10.6
2023,05,21,04,13.4,10.4
2023,05,21,05,15.5,10.8
2023,05,21,06,17.1,11.2
2023,05,21,07,17.2,11.3
2023,05,21,08,16.6,11.2
2023,05,21,09,17.1,11.5
2023,05,21,10,14.9,10.9
2023,05,21,11,13.0,10.3
2023,05,21,12,12.3,10.4
2023,05,21,13,10.7,9.8
2023,05,21,14,7.3,9.2
2023,05,21,15,7.7,9.3
2023,05,21,16,7.0,9.0
2023,05,21,17,5.9,8.8
2023,05,21,18,6.1,9.5
2023,05,21,19,7.1,10.4
2023,05,21,20,7.5,10.3
2023,05,21,21,6.6,10.6
2023,05,21,22,8.1,11.0
2023,05,21,23,7.9,11.2
2023,05,22,00,5.4,14.1
2023,05,22,01,5.7,15.7
2023,05,22,02,3.3,13.9
2023,05,22,03,3.2,15.8
2023,05,22,04,2.9,16.6
2023,05,22,05,5.8,14.5
2023,05,22,06,10.4,12.1
2023,05,22,07,10.0,10.9
2023,05,22,08,10.1,10.3
2023,05,22,09,9.1,9.6
2023,05,22,10,11.2,8.9
2023,05,22,11,11.3,8.2
2023,05,22,12,11.3,8.0
2023,05,22,13,11.0,8.0
2023,05,22,14,9.2,8.2
2023,05,22,15,7.7,8.6
2023,05,22,16,5.9,8.6
2023,05,22,17,4.0,8.8
2023,05,22,18,4.8,8.5
2023,05,22,19,4.8,8.9
2023,05,22,20,5.3,9.1
2023,05,22,21,3.4,10.2
2023,05,22,22,3.6,9.7
2023,05,22,23,3.2,10.0
2023,05,23,00,2.9,9.8
2023,05,23,01,1.0,8.6
2023,05,23,02,3.1,8.1
2023,05,23,03,2.1,8.1
2023,05,23,04,2.1,8.4
2023,05,23,05,3.4,8.9
2023,05,23,06,1.1,7.8
2023,05,23,07,2.6,8.2
2023,05,23,08,2.7,8.6
2023,05,23,09,1.8,8.5
2023,05,23,10,2.7,9.1
2023,05,23,11,1.2,8.9
2023,05,23,12,0.9,9.7
2023,05,23,13,2.3,9.1
2023,05,23,14,1.6,11.0
2023,05,23,15,3.4,10.6
2023,05,23,16,2.3,10.8
2023,05,23,17,3.6,10.8
2023,05,23,18,4.3,10.5
2023,05,23,19,4.8,10.6
2023,05,23,20,5.1,10.5
2023,05,23,21,5.6,10.1
2023,05,23,22,4.4,10.6
2023,05,23,23,4.6,9.3
2023,05,24,00,3.8,8.9
2023,05,24,01,4.4,8.3
2023,05,24,02,3.4,8.2
2023,05,24,03,4.9,8.2
2023,05,24,04,4.5,8.1
2023,05,24,05,3.4,8.1
2023,05,24,06,3.7,8.0
2023,05,24,07,5.5,8.1
2023,05,24,08,6.1,8.0
2023,05,24,09,7.7,8.0
2023,05,24,10,6.4,8.3
2023,05,24,11,5.7,8.8
2023,05,24,12,7.8,8.9
2023,05,24,13,7.4,8.7
2023,05,24,14,9.3,7.7
2023,05,24,15,6.9,7.8
2023,05,24,16,7.3,8.0
2023,05,24,17,7.1,7.9
2023,05,24,18,7.6,8.1
2023,05,24,19,6.9,8.3
2023,05,24,20,7.3,8.0
2023,05,24,21,4.5,8.0
2023,05,24,22,5.6,7.4
2023,05,24,23,3.3,7.3
2023,05,25,00,3.4,6.8
2023,05,25,01,1.9,7.0
2023,05,25,02,0.3,7.3
2023,05,25,03,2.1,7.2
2023,05,25,04,4.5,7.2
2023,05,25,05,3.2,7.4
2023,05,25,06,4.7,7.7
2023,05,25,07,4.1,7.7
2023,05,25,08,5.3,8.0
2023,05,25,09,8.5,8.4
2023,05,25,10,9.2,8.3
2023,05,25,11,8.2,8.2
2023,05,25,12,7.7,8.4
2023,05,25,13,9.0,8.9
2023,05,25,14,6.2,9.0
2023,05,25,15,7.9,9.4
2023,05,25,16,6.6,9.3
2023,05,25,17,6.9,9.7
2023,05,25,18,9.7,10.1
2023,05,25,19,7.8,10.0
2023,05,25,20,8.1,10.1
2023,05,25,21,6.0,10.4
2023,05,25,22,9.4,10.8
2023,05,25,23,9.6,10.6
2023,05,26,00,8.8,10.0
2023,05,26,01,7.9,9.4
2023,05,26,02,8.8,9.0
2023,05,26,03,7.8,8.6
2023,05,26,04,6.1,8.2
2023,05,26,05,7.6,7.8
2023,05,26,06,8.3,7.3
2023,05,26,07,8.6,6.9
2023,05,26,08,6.7,6.6
2023,05,26,09,7.2,6.4
2023,05,26,10,6.9,6.5
2023,05,26,11,7.4,6.7
2023,05,26,12,5.2,6.9
2023,05,26,13,5.9,6.9
2023,05,26,14,3.9,7.5
2023,05,26,15,3.1,8.4
2023,05,26,16,4.5,8.8
2023,05,26,17,4.7,8.9
2023,05,26,18,4.5,9.2
2023,05,26,19,3.0,9.4
2023,05,26,20,5.4,9.3
2023,05,26,21,5.7,9.2
2023,05,26,22,5.3,9.3
2023,05,26,23,5.2,9.3
2023,05,27,00,5.2,9.4
2023,05,27,01,7.3,9.3
2023,05,27,02,8.2,9.2
2023,05,27,03,8.8,9.1
2023,05,27,04,7.7,9.1
2023,05,27,05,8.0,9.2
2023,05,27,06,9.0,9.2
2023,05,27,07,10.3,9.6
2023,05,27,08,8.4,9.5
2023,05,27,09,9.2,9.7
2023,05,27,10,10.2,9.6
2023,05,27,11,8.7,9.3
2023,05,27,12,7.2,9.3
2023,05,27,13,6.6,9.4
2023,05,27,14,6.9,9.6
2023,05,27,15,6.7,11.2
2023,05,27,16,5.2,11.3
2023,05,27,17,7.2,14.3
2023,05,27,18,6.8,13.4
2023,05,27,19,8.2,11.7
2023,05,27,20,8.7,13.7
2023,05,27,21,9.5,13.8
2023,05,27,22,8.9,12.5
2023,05,27,23,9.0,12.0
2023,05,28,00,9.4,11.7
2023,05,28,01,9.3,11.8
2023,05,28,02,8.8,11.5
2023,05,28,03,8.8,11.0
2023,05,28,04,7.5,11.1
2023,05,28,05,6.9,10.9
2023,05,28,06,6.8,11.2
2023,05,28,07,8.3,11.3
2023,05,28,08,8.9,10.7
2023,05,28,09,8.5,10.9
2023,05,28,10,8.3,10.6
2023,05,28,11,8.1,10.6
2023,05,28,12,8.8,10.8
2023,05,28,13,8.9,10.8
2023,05,28,14,10.0,11.3
2023,05,28,15,8.9,11.7
2023,05,28,16,9.9,12.5
2023,05,28,17,11.5,12.1
2023,05,28,18,11.9,11.6
2023,05,28,19,9.1,11.6
2023,05,28,20,11.2,12.5
2023,05,28,21,12.0,13.5
2023,05,28,22,13.0,13.8
2023,05,28,23,12.8,13.6
2023,05,29,00,10.5,12.7
2023,05,29,01,10.3,12.7
2023,05,29,02,9.6,12.3
2023,05,29,03,6.1,12.0
2023,05,29,04,9.0,15.4
2023,05,29,05,10.0,14.1
2023,05,29,06,10.3,13.7
2023,05,29,07,9.9,13.6
2023,05,29,08,8.0,12.3
2023,05,29,09,9.3,12.5
2023,05,29,10,9.9,11.7
2023,05,29,11,8.9,11.2
2023,05,29,12,8.9,11.0
2023,05,29,13,7.4,10.7
2023,05,29,14,7.7,10.0
2023,05,29,15,6.1,9.6
2023,05,29,16,8.8,9.1
2023,05,29,17,8.2,9.1
2023,05,29,18,7.9,9.0
2023,05,29,19,7.3,9.1
2023,05,29,20,6.1,9.7
2023,05,29,21,2.6,10.1
2023,05,29,22,0.9,10.8
2023,05,29,23,2.0,9.6
2023,05,30,00,1.6,9.3
2023,05,30,01,3.1,8.9
2023,05,30,02,2.3,8.6
2023,05,30,03,1.5,8.5
2023,05,30,04,0.5,9.1
2023,05,30,05,0.1,9.0
2023,05,30,06,0.8,8.5
2023,05,30,07,1.9,8.3
2023,05,30,08,2.5,8.3
2023,05,30,09,3.6,8.4
2023,05,30,10,4.5,9.2
2023,05,30,11,4.7,9.8
2023,05,30,12,4.6,10.3
2023,05,30,13,4.6,10.0
2023,05,30,14,4.4,9.2
2023,05,30,15,4.7,10.0
2023,05,30,16,4.8,11.1
2023,05,30,17,6.7,11.1
2023,05,30,18,7.7,11.5
2023,05,30,19,7.6,11.7
2023,05,30,20,8.2,11.9
2023,05,30,21,8.6,11.9
2023,05,30,22,8.8,11.6
2023,05,30,23,6.8,11.2
2023,05,31,00,6.7,10.0
2023,05,31,01,6.8,9.7
2023,05,31,02,7.6,9.7
2023,05,31,03,8.5,9.6
2023,05,31,04,7.1,9.6
2023,05,31,05,7.1,9.4
2023,05,31,06,6.3,9.4
2023,05,31,07,7.3,9.4
2023,05,31,08,8.3,9.4
2023,05,31,09,8.0,9.5
2023,05,31,10,8.0,9.7
2023,05,31,11,7.8,10.2
2023,05,31,12,7.0,10.3
2023,05,31,13,6.6,10.2
2023,05,31,14,5.6,10.4
2023,05,31,15,6.7,10.7
2023,05,31,16,8.1,10.7
2023,05,31,17,8.7,10.6
2023,05,31,18,8.0,10.9
2023,05,31,19,7.5,10.7
2023,05,31,20,8.1,11.3
2023,05,31,21,7.8,11.9
2023,05,31,22,9.6,10.8
2023,05,31,23,8.4,11.2
2023,06,01,00,8.1,10.7
2023,06,01,01,7.3,10.8
2023,06,01,02,8.1,11.2
2023,06,01,03,7.2,11.1
2023,06,01,04,5.6,11.3
2023,06,01,05,4.1,11.3
2023,06,01,06,5.0,11.4
2023,06,01,07,5.8,11.3
2023,06,01,08,7.4,11.0
2023,06,01,09,6.1,11.0
2023,06,01,10,6.7,11.2
2023,06,01,11,7.2,11.3
2023,06,01,12,6.8,11.2
2023,06,01,13,5.9,11.3
2023,06,01,14,6.5,11.9
2023,06,01,15,7.9,12.2
2023,06,01,16,6.5,11.9
2023,06,01,17,6.9,12.5
2023,06,01,18,5.6,13.7
2023,06,01,19,6.7,13.9
2023,06,01,20,7.4,13.5
2023,06,01,21,7.6,14.2
2023,06,01,22,8.3,13.9
2023,06,01,23,7.4,13.6
2023,06,02,00,7.6,12.6
2023,06,02,01,6.9,12.0
2023,06,02,02,6.7,12.0
2023,06,02,03,6.1,12.1
2023,06,02,04,6.4,12.1
2023,06,02,05,9.3,12.4
2023,06,02,06,8.4,12.6
2023,06,02,07,10.7,12.5
2023,06,02,08,3.9,11.9
2023,06,02,09,4.7,17.4
2023,06,02,10,2.9,18.7
2023,06,02,11,1.9,18.1
2023,06,02,12,3.7,15.4
2023,06,02,13,4.3,13.7
2023,06,02,14,4.8,14.9
2023,06,02,15,5.9,12.2
2023,06,02,16,9.4,12.3
2023,06,02,17,9.5,12.2
2023,06,02,18,8.5,11.9
2023,06,02,19,9.8,11.9
2023,06,02,20,10.8,11.8
2023,06,02,21,14.7,11.7
2023,06,02,22,13.7,11.0
2023,06,02,23,11.8,10.7
2023,06,03,00,12.6,10.6
2023,06,03,01,14.3,10.1
2023,06,03,02,16.5,9.2
2023,06,03,03,13.2,8.9
2023,06,03,04,12.5,8.7
2023,06,03,05,12.0,8.6
2023,06,03,06,12.8,8.3
2023,06,03,07,15.3,7.2
2023,06,03,08,13.7,7.1
2023,06,03,09,14.1,7.4
2023,06,03,10,13.5,7.3
2023,06,03,11,13.8,7.2
2023,06,03,12,14.9,7.2
2023,06,03,13,13.8,7.3
2023,06,03,14,13.5,7.6
2023,06,03,15,15.5,7.6
2023,06,03,16,14.0,7.8
2023,06,03,17,14.2,7.7
2023,06,03,18,15.6,7.7
2023,06,03,19,13.1,7.8
2023,06,03,20,13.6,7.7
2023,06,03,21,15.8,7.3
2023,06,03,22,13.6,7.4
2023,06,03,23,13.8,7.0
2023,06,04,00,13.4,7.0
2023,06,04,01,14.0,6.9
2023,06,04,02,13.8,6.4
2023,06,04,03,13.4,6.1
2023,06,04,04,13.5,5.9
2023,06,04,05,13.4,5.6
2023,06,04,06,12.9,5.5
2023,06,04,07,12.0,5.9
2023,06,04,08,11.9,6.0
2023,06,04,09,13.5,6.2
2023,06,04,10,13.2,6.7
2023,06,04,11,12.6,6.9
2023,06,04,12,15.0,7.4
2023,06,04,13,12.3,7.7
2023,06,04,14,13.8,8.3
2023,06,04,15,14.1,8.3
2023,06,04,16,12.6,8.3
2023,06,04,17,12.6,8.2
2023,06,04,18,14.5,8.1
2023,06,04,19,14.3,8.7
2023,06,04,20,15.5,8.6
2023,06,04,21,14.9,8.5
2023,06,04,22,13.4,8.6
2023,06,04,23,13.1,8.4
2023,06,05,00,10.9,8.5
2023,06,05,01,10.4,8.5
2023,06,05,02,10.9,8.4
2023,06,05,03,10.6,8.4
2023,06,05,04,10.9,8.3
2023,06,05,05,10.1,8.2
2023,06,05,06,10.6,7.9
2023,06,05,07,9.7,7.7
2023,06,05,08,11.1,7.7
2023,06,05,09,11.4,7.7
2023,06,05,10,11.7,7.7
2023,06,05,11,11.9,7.8
2023,06,05,12,11.4,7.8
2023,06,05,13,11.4,8.1
2023,06,05,14,10.3,8.2
2023,06,05,15,8.7,8.5
2023,06,05,16,8.4,8.7
2023,06,05,17,7.5,8.8
2023,06,05,18,7.0,8.8
2023,06,05,19,8.6,9.0
2023,06,05,20,10.2,9.4
2023,06,05,21,9.2,9.6
2023,06,05,22,7.9,9.6
2023,06,05,23,8.1,9.4
2023,06,06,00,9.7,9.6
2023,06,06,01,8.0,9.7
2023,06,06,02,7.5,9.9
2023,06,06,03,7.7,10.2
2023,06,06,04,9.1,10.4
2023,06,06,05,8.3,10.2
2023,06,06,06,9.2,10.2
2023,06,06,07,10.0,10.1
2023,06,06,08,9.4,9.9
2023,06,06,09,8.4,9.8
2023,06,06,10,9.4,9.8
2023,06,06,11,10.2,9.9
2023,06,06,12,9.4,10.0
2023,06,06,13,10.4,10.5
2023,06,06,14,8.5,10.4
2023,06,06,15,7.5,10.6
2023,06,06,16,9.2,10.8
2023,06,06,17,10.6,11.4
2023,06,06,18,9.3,11.2
2023,06,06,19,8.6,10.9
2023,06,06,20,10.3,11.2
2023,06,06,21,9.1,11.3
2023,06,06,22,8.7,10.7
2023,06,06,23,7.7,10.7
2023,06,07,00,7.8,10.5
2023,06,07,01,8.7,10.5
2023,06,07,02,8.3,10.4
2023,06,07,03,8.3,10.2
2023,06,07,04,8.5,9.9
2023,06,07,05,8.3,9.8
2023,06,07,06,9.2,9.6
2023,06,07,07,7.9,9.4
2023,06,07,08,7.3,9.6
2023,06,07,09,6.8,9.5
2023,06,07,10,5.6,9.7
2023,06,07,11,5.2,9.7
2023,06,07,12,5.1,9.4
2023,06,07,13,5.6,9.7
2023,06,07,14,5.5,9.6
2023,06,07,15,5.8,9.8
2023,06,07,16,6.1,10.0
2023,06,07,17,6.6,10.2
2023,06,07,18,6.2,10.1
2023,06,07,19,5.5,10.3
2023,06,07,20,5.3,10.7
2023,06,07,21,6.1,10.2
2023,06,07,22,5.7,10.6
2023,06,07,23,5.7,10.2
2023,06,08,00,5.5,10.2
2023,06,08,01,6.0,10.0
2023,06,08,02,4.9,9.9
2023,06,08,03,4.7,9.8
2023,06,08,04,3.6,10.1
2023,06,08,05,3.5,10.1
2023,06,08,06,2.6,9.8
2023,06,08,07,4.1,9.5
2023,06,08,08,2.6,9.7
2023,06,08,09,0.8,9.4
2023,06,08,10,2.3,10.3
2023,06,08,11,3.2,9.9
2023,06,08,12,3.4,11.4
2023,06,08,13,3.0,11.8
2023,06,08,14,1.0,13.1
2023,06,08,15,3.0,10.8
2023,06,08,16,2.4,11.1
2023,06,08,17,3.8,10.8
2023,06,08,18,4.2,11.1
2023,06,08,19,4.9,11.2
2023,06,08,20,3.7,11.5
2023,06,08,21,4.3,10.9
2023,06,08,22,4.4,10.9
2023,06,08,23,4.2,10.6
2023,06,09,00,4.5,9.6
2023,06,09,01,4.1,8.6
2023,06,09,02,3.7,8.6
2023,06,09,03,4.2,8.3
2023,06,09,04,4.6,8.1
2023,06,09,05,4.7,8.5
2023,06,09,06,4.0,8.5
2023,06,09,07,4.6,8.5
2023,06,09,08,4.7,8.4
2023,06,09,09,4.8,8.3
2023,06,09,10,4.5,8.2
2023,06,09,11,3.9,8.6
2023,06,09,12,3.4,8.7
2023,06,09,13,4.1,8.7
2023,06,09,14,3.8,8.7
2023,06,09,15,4.1,8.9
2023,06,09,16,3.3,8.9
2023,06,09,17,3.8,9.0
2023,06,09,18,3.1,9.2
2023,06,09,19,3.8,9.3
2023,06,09,20,3.7,9.0
2023,06,09,21,2.8,8.8
2023,06,09,22,2.5,9.2
2023,06,09,23,2.6,8.7
2023,06,10,00,1.7,8.6
2023,06,10,01,2.3,8.5
2023,06,10,02,2.2,8.2
2023,06,10,03,2.2,8.1
2023,06,10,04,2.5,8.0
2023,06,10,05,2.1,7.8
2023,06,10,06,1.4,7.6
2023,06,10,07,0.9,7.2
2023,06,10,08,1.1,7.1
2023,06,10,09,0.9,7.3
2023,06,10,10,2.0,7.7
2023,06,10,11,1.9,8.0
2023,06,10,12,2.6,7.9
2023,06,10,13,1.6,8.1
2023,06,10,14,1.5,8.1
2023,06,10,15,1.5,8.7
2023,06,10,16,0.1,9.5
2023,06,10,17,2.4,11.6
2023,06,10,18,3.1,11.9
2023,06,10,19,3.8,12.1
2023,06,10,20,6.2,9.6
2023,06,10,21,5.7,8.7
2023,06,10,22,7.1,9.1
2023,06,10,23,5.9,8.4
2023,06,11,00,6.5,8.5
2023,06,11,01,5.4,9.8
2023,06,11,02,7.3,10.2
2023,06,11,03,7.9,10.3
2023,06,11,04,9.3,10.5
2023,06,11,05,7.5,10.3
2023,06,11,06,6.2,10.1
2023,06,11,07,7.3,10.3
2023,06,11,08,7.1,10.2
2023,06,11,09,6.7,10.2
2023,06,11,10,5.9,10.5
2023,06,11,11,5.1,11.4
2023,06,11,12,3.4,11.5
2023,06,11,13,5.1,11.8
2023,06,11,14,6.4,10.8
2023,06,11,15,6.0,11.3
2023,06,11,16,6.8,12.1
2023,06,11,17,9.0,11.8
2023,06,11,18,9.8,13.0
2023,06,11,19,9.2,12.9
2023,06,11,20,8.8,13.8
2023,06,11,21,8.9,13.0
2023,06,11,22,8.8,12.4
2023,06,11,23,7.6,12.8
2023,06,12,00,4.8,12.2
2023,06,12,01,3.9,11.8
2023,06,12,02,4.3,11.6
2023,06,12,03,5.6,12.9
2023,06,12,04,6.0,12.9
2023,06,12,05,4.3,12.7
2023,06,12,06,5.5,13.2
2023,06,12,07,3.9,12.7
2023,06,12,08,3.0,12.8
2023,06,12,09,4.5,13.5
2023,06,12,10,5.9,13.8
2023,06,12,11,5.8,14.0
2023,06,12,12,4.1,13.9
2023,06,12,13,3.0,14.1
2023,06,12,14,5.5,13.3
2023,06,12,15,6.5,12.9
2023,06,12,16,5.8,13.6
2023,06,12,17,6.5,14.5
2023,06,12,18,5.4,14.8
2023,06,12,19,6.3,14.3
2023,06,12,20,5.9,14.1
2023,06,12,21,5.6,14.8
2023,06,12,22,5.3,14.5
2023,06,12,23,7.6,14.2
2023,06,13,00,6.5,13.4
2023,06,13,01,6.3,13.4
2023,06,13,02,4.0,12.1
2023,06,13,03,3.1,11.8
2023,06,13,04,5.7,13.3
2023,06,13,05,3.2,12.5
2023,06,13,06,3.1,11.4
2023,06,13,07,5.8,11.3
2023,06,13,08,6.3,11.5
2023,06,13,09,8.0,12.0
2023,06,13,10,5.7,11.5
2023,06,13,11,6.6,10.7
2023,06,13,12,6.2,10.4
2023,06,13,13,5.8,10.5
2023,06,13,14,5.0,10.8
2023,06,13,15,5.1,10.6
2023,06,13,16,4.5,10.4
2023,06,13,17,5.7,10.5
2023,06,13,18,7.6,10.4
2023,06,13,19,6.4,10.7
2023,06,13,20,6.4,11.1
2023,06,13,21,6.7,11.2
2023,06,13,22,5.9,11.6
2023,06,13,23,5.9,11.0
2023,06,14,00,5.7,10.6
2023,06,14,01,4.7,10.8
2023,06,14,02,5.7,10.4
2023,06,14,03,6.1,10.5
2023,06,14,04,7.2,10.8
2023,06,14,05,7.5,11.0
2023,06,14,06,5.4,10.7
2023,06,14,07,4.5,10.5
2023,06,14,08,4.1,10.3
2023,06,14,09,2.1,10.2
2023,06,14,10,3.1,10.4
2023,06,14,11,2.8,10.2
2023,06,14,12,3.4,10.2
2023,06,14,13,1.0,10.7
2023,06,14,14,0.0,10.8
2023,06,14,15,1.1,11.1
2023,06,14,16,0.3,12.3
2023,06,14,17,2.7,11.3
2023,06,14,18,4.9,10.8
2023,06,14,19,2.4,11.0
2023,06,14,20,4.8,13.1
2023,06,14,21,6.6,11.9
2023,06,14,22,6.4,11.2
2023,06,14,23,6.4,10.6
2023,06,15,00,6.3,11.0
2023,06,15,01,4.8,10.6
2023,06,15,02,4.2,10.9
2023,06,15,03,5.1,10.5
2023,06,15,04,4.6,10.4
2023,06,15,05,5.3,11.2
2023,06,15,06,3.4,12.4
2023,06,15,07,4.4,12.9
2023,06,15,08,5.8,11.7
2023,06,15,09,5.7,12.3
2023,06,15,10,2.2,11.7
2023,06,15,11,4.1,12.2
2023,06,15,12,5.0,12.2
2023,06,15,13,5.9,11.7
2023,06,15,14,6.1,11.8
2023,06,15,15,4.7,12.0
2023,06,15,16,2.3,13.2
2023,06,15,17,2.8,13.0
2023,06,15,18,2.9,11.7
2023,06,15,19,1.9,12.2
2023,06,15,20,2.2,11.5
2023,06,15,21,1.7,11.6
2023,06,15,22,1.7,10.7
2023,06,15,23,1.2,10.7
2023,06,16,00,0.0,11.7
2023,06,16,01,3.5,10.6
2023,06,16,02,5.1,10.8
2023,06,16,03,4.9,10.1
2023,06,16,04,5.3,10.2
2023,06,16,05,5.5,11.0
2023,06,16,06,5.1,11.4
2023,06,16,07,5.7,11.6
2023,06,16,08,5.6,12.5
2023,06,16,09,2.9,12.5
2023,06,16,10,1.5,11.8
2023,06,16,11,3.4,10.6
2023,06,16,12,3.3,9.6
2023,06,16,13,3.0,9.7
2023,06,16,14,1.2,10.7
2023,06,16,15,1.0,11.3
2023,06,16,16,0.8,12.8
2023,06,16,17,2.6,14.2
2023,06,16,18,2.7,15.0
2023,06,16,19,2.8,15.9
2023,06,16,20,2.8,16.4
2023,06,16,21,1.8,15.7
2023,06,16,22,1.8,16.4
2023,06,16,23,3.9,14.4
2023,06,17,00,1.3,13.6
2023,06,17,01,2.0,13.8
2023,06,17,02,1.5,13.8
2023,06,17,03,4.7,13.6
2023,06,17,04,5.9,13.0
2023,06,17,05,6.8,14.3
2023,06,17,06,5.9,12.7
2023,06,17,07,6.9,12.4
2023,06,17,08,7.2,12.3
2023,06,17,09,3.7,11.8
2023,06,17,10,5.6,10.7
2023,06,17,11,7.1,10.1
2023,06,17,12,8.4,9.7
2023,06,17,13,9.9,9.5
2023,06,17,14,8.9,9.5
2023,06,17,15,10.1,9.9
2023,06,17,16,9.3,9.9
2023,06,17,17,10.8,9.7
2023,06,17,18,11.0,9.7
2023,06,17,19,11.0,9.9
2023,06,17,20,11.0,10.1
2023,06,17,21,13.4,10.4
2023,06,17,22,14.3,10.7
2023,06,17,23,11.8,11.4
2023,06,18,00,14.2,11.4
2023,06,18,01,13.3,10.6
2023,06,18,02,13.6,10.3
2023,06,18,03,14.3,10.3
2023,06,18,04,15.5,10.0
2023,06,18,05,16.6,9.9
2023,06,18,06,13.8,9.6
2023,06,18,07,14.1,9.5
2023,06,18,08,13.5,9.4
2023,06,18,09,14.7,9.2
2023,06,18,10,12.7,9.2
2023,06,18,11,11.3,9.4
2023,06,18,12,9.3,9.5
2023,06,18,13,8.2,9.5
2023,06,18,14,8.9,9.3
2023,06,18,15,9.1,9.2
2023,06,18,16,8.0,9.5
2023,06,18,17,7.5,10.0
2023,06,18,18,5.5,10.4
2023,06,18,19,4.5,11.2
2023,06,18,20,4.9,11.6
2023,06,18,21,4.5,11.7
2023,06,18,22,3.2,11.4
2023,06,18,23,6.3,12.0
2023,06,19,00,6.6,11.3
2023,06,19,01,7.2,11.3
2023,06,19,02,7.7,11.3
2023,06,19,03,5.9,11.6
2023,06,19,04,6.5,11.1
2023,06,19,05,5.5,11.0
2023,06,19,06,6.4,10.6
2023,06,19,07,5.8,10.2
2023,06,19,08,3.9,10.1
2023,06,19,09,5.3,10.1
2023,06,19,10,4.6,9.6
2023,06,19,11,4.5,9.9
2023,06,19,12,5.5,10.4
2023,06,19,13,5.1,10.3
2023,06,19,14,4.0,10.3
2023,06,19,15,0.8,10.5
2023,06,19,16,0.4,11.9
2023,06,19,17,1.2,12.5
2023,06,19,18,0.4,13.3
2023,06,19,19,0.8,13.7
2023,06,19,20,2.3,15.7
2023,06,19,21,3.9,13.3
2023,06,19,22,4.7,11.4
2023,06,19,23,4.3,11.8
2023,06,20,00,4.6,11.1
2023,06,20,01,5.0,11.2
2023,06,20,02,3.9,11.3
2023,06,20,03,5.5,11.2
2023,06,20,04,5.2,11.0
2023,06,20,05,4.9,11.0
2023,06,20,06,4.9,11.3
2023,06,20,07,3.1,11.3
2023,06,20,08,2.4,11.4
2023,06,20,09,3.1,11.4
2023,06,20,10,2.4,11.4
2023,06,20,11,1.0,12.1
2023,06,20,12,2.6,12.3
2023,06,20,13,2.6,12.9
2023,06,20,14,4.6,12.0
2023,06,20,15,5.1,11.3
2023,06,20,16,3.7,12.0
2023,06,20,17,4.5,11.8
2023,06,20,18,2.9,11.8
2023,06,20,19,0.7,11.9
2023,06,20,20,0.0,12.9
2023,06,20,21,2.5,11.8
2023,06,20,22,0.5,12.0
2023,06,20,23,0.5,12.6
2023,06,21,00,3.4,10.8
2023,06,21,01,2.5,11.3
2023,06,21,02,1.3,11.5
2023,06,21,03,2.7,11.7
2023,06,21,04,3.8,11.7
2023,06,21,05,3.6,11.8
2023,06,21,06,3.2,10.6
2023,06,21,07,3.7,10.2
2023,06,21,08,2.9,10.0
2023,06,21,09,2.1,10.4
2023,06,21,10,1.2,10.0
2023,06,21,11,1.3,10.8
2023,06,21,12,1.5,10.9
2023,06,21,13,1.0,12.4
2023,06,21,14,0.1,14.6
2023,06,21,15,0.3,14.3
2023,06,21,16,0.5,15.7
2023,06,21,17,2.2,16.5
2023,06,21,18,3.0,16.7
2023,06,21,19,4.5,13.9
2023,06,21,20,6.3,14.6
2023,06,21,21,6.2,13.6
2023,06,21,22,6.8,12.5
2023,06,21,23,6.5,11.9
2023,06,22,00,5.7,11.6
2023,06,22,01,6.5,11.7
2023,06,22,02,5.6,11.6
2023,06,22,03,5.7,11.8
2023,06,22,04,5.6,11.5
2023,06,22,05,6.3,12.1
2023,06,22,06,5.5,11.8
2023,06,22,07,6.2,13.1
2023,06,22,08,5.1,11.9
2023,06,22,09,5.8,12.7
2023,06,22,10,4.8,10.7
2023,06,22,11,5.3,10.8
2023,06,22,12,4.9,11.4
2023,06,22,13,6.2,11.2
2023,06,22,14,5.8,11.9
2023,06,22,15,5.0,12.7
2023,06,22,16,4.9,13.2
2023,06,22,17,5.1,13.7
2023,06,22,18,5.8,14.3
2023,06,22,19,6.3,14.5
2023,06,22,20,4.6,13.8
2023,06,22,21,4.7,14.5
2023,06,22,22,6.8,14.1
2023,06,22,23,5.0,13.7
2023,06,23,00,4.1,13.8
2023,06,23,01,5.2,13.1
2023,06,23,02,5.7,12.5
2023,06,23,03,5.5,12.2
2023,06,23,04,5.1,12.4
2023,06,23,05,3.6,12.9
2023,06,23,06,1.8,12.6
2023,06,23,07,1.4,12.5
2023,06,23,08,0.2,11.1
2023,06,23,09,1.0,11.8
2023,06,23,10,1.7,12.3
2023,06,23,11,2.4,15.2
2023,06,23,12,2.7,12.8
2023,06,23,13,2.3,13.1
2023,06,23,14,1.0,13.3
2023,06,23,15,1.3,14.8
2023,06,23,16,0.1,15.5
2023,06,23,17,2.0,17.3
2023,06,23,18,3.0,16.8
2023,06,23,19,3.2,16.9
2023,06,23,20,4.8,16.0
2023,06,23,21,5.9,14.9
2023,06,23,22,7.4,14.5
2023,06,23,23,7.7,14.2
2023,06,24,00,6.6,14.1
2023,06,24,01,5.7,13.5
2023,06,24,02,6.9,13.1
2023,06,24,03,7.4,12.8
2023,06,24,04,6.1,12.3
2023,06,24,05,4.2,11.9
2023,06,24,06,5.0,12.6
2023,06,24,07,3.9,12.6
2023,06,24,08,3.9,13.0
2023,06,24,09,6.5,13.4
2023,06,24,10,6.3,13.2
2023,06,24,11,7.9,13.6
2023,06,24,12,6.9,13.7
2023,06,24,13,6.0,14.8
2023,06,24,14,6.0,14.7
2023,06,24,15,2.2,15.5
2023,06,24,16,3.0,14.9
2023,06,24,17,1.7,16.1
2023,06,24,18,1.5,14.8
2023,06,24,19,2.6,15.1
2023,06,24,20,3.8,14.8
2023,06,24,21,6.1,14.1
2023,06,24,22,4.8,14.4
2023,06,24,23,4.9,14.3
2023,06,25,00,6.7,14.5
2023,06,25,01,5.9,14.4
2023,06,25,02,6.6,14.1
2023,06,25,03,7.3,13.8
2023,06,25,04,5.2,13.7
2023,06,25,05,7.6,14.2
2023,06,25,06,11.1,14.1
2023,06,25,07,7.1,13.2
2023,06,25,08,9.0,13.6
2023,06,25,09,9.0,13.1
2023,06,25,10,8.9,13.3
2023,06,25,11,8.0,12.6
2023,06,25,12,6.0,12.7
2023,06,25,13,5.5,13.2
2023,06,25,14,5.1,12.6
2023,06,25,15,7.6,13.8
2023,06,25,16,7.1,13.5
2023,06,25,17,6.3,13.6
2023,06,25,18,8.0,14.2
2023,06,25,19,5.5,13.8
2023,06,25,20,5.7,14.8
2023,06,25,21,5.5,14.6
2023,06,25,22,8.0,13.7
2023,06,25,23,5.4,13.7
2023,06,26,00,5.4,14.2
2023,06,26,01,6.2,14.4
2023,06,26,02,4.3,14.9
2023,06,26,03,3.0,14.4
2023,06,26,04,3.4,14.5
2023,06,26,05,5.8,13.6
2023,06,26,06,3.1,13.7
2023,06,26,07,4.5,13.7
2023,06,26,08,3.6,13.5
2023,06,26,09,6.8,12.2
2023,06,26,10,5.4,11.8
2023,06,26,11,6.9,10.7
2023,06,26,12,8.9,11.0
2023,06,26,13,9.4,11.1
2023,06,26,14,8.4,11.1
2023,06,26,15,8.6,10.9
2023,06,26,16,8.4,10.9
2023,06,26,17,8.1,10.9
2023,06,26,18,8.7,10.6
2023,06,26,19,9.2,10.7
2023,06,26,20,8.3,10.9
2023,06,26,21,6.0,11.2
2023,06,26,22,6.0,11.2
2023,06,26,23,5.4,12.0
2023,06,27,00,5.6,12.3
2023,06,27,01,5.5,11.5
2023,06,27,02,7.0,11.7
2023,06,27,03,6.3,12.1
2023,06,27,04,6.8,12.3
2023,06,27,05,7.6,12.2
2023,06,27,06,8.0,12.5
2023,06,27,07,9.6,13.7
2023,06,27,08,7.6,13.7
2023,06,27,09,8.5,13.5
2023,06,27,10,7.8,13.1
2023,06,27,11,7.5,13.3
2023,06,27,12,4.9,14.2
2023,06,27,13,6.9,14.1
2023,06,27,14,10.3,14.1
2023,06,27,15,8.5,14.4
2023,06,27,16,8.1,14.6
2023,06,27,17,7.0,14.9
2023,06,27,18,7.7,14.5
2023,06,27,19,4.0,13.9
2023,06,27,20,5.9,14.8
2023,06,27,21,7.5,14.4
2023,06,27,22,11.1,14.3
2023,06,27,23,10.3,14.3
2023,06,28,00,10.2,14.4
2023,06,28,01,11.3,14.2
2023,06,28,02,11.3,14.1
2023,06,28,03,10.6,14.0
2023,06,28,04,11.5,14.7
2023,06,28,05,9.8,15.1
2023,06,28,06,9.4,13.8
2023,06,28,07,9.1,13.7
2023,06,28,08,9.5,13.6
2023,06,28,09,9.3,13.3
2023,06,28,10,9.5,13.4
2023,06,28,11,10.2,13.2
2023,06,28,12,8.1,14.1
2023,06,28,13,9.7,13.7
2023,06,28,14,9.2,14.0
2023,06,28,15,11.5,14.7
2023,06,28,16,8.2,14.3
2023,06,28,17,9.5,15.0
2023,06,28,18,12.0,15.5
2023,06,28,19,11.4,15.1
2023,06,28,20,9.9,14.9
2023,06,28,21,9.5,14.8
2023,06,28,22,10.0,14.5
2023,06,28,23,10.6,14.3
2023,06,29,00,10.6,14.2
2023,06,29,01,10.9,14.0
2023,06,29,02,12.2,14.2
2023,06,29,03,11.3,14.1
2023,06,29,04,10.2,13.8
2023,06,29,05,10.3,14.0
2023,06,29,06,9.6,13.7
2023,06,29,07,8.5,13.4
2023,06,29,08,7.7,13.2
2023,06,29,09,7.6,13.0
2023,06,29,10,7.8,13.5
2023,06,29,11,8.4,13.5
2023,06,29,12,6.7,13.6
2023,06,29,13,7.5,13.6
2023,06,29,14,6.8,14.0
2023,06,29,15,7.5,13.8
2023,06,29,16,8.1,14.0
2023,06,29,17,6.9,14.3
2023,06,29,18,7.2,14.5
2023,06,29,19,7.6,13.9
2023,06,29,20,5.9,14.2
2023,06,29,21,5.1,14.3
2023,06,29,22,3.6,14.4
2023,06,29,23,4.7,13.8
2023,06,30,00,6.0,13.6
2023,06,30,01,5.3,13.4
2023,06,30,02,7.3,13.5
2023,06,30,03,6.1,13.5
2023,06,30,04,3.8,13.2
2023,06,30,05,2.1,13.3
2023,06,30,06,1.0,12.9
2023,06,30,07,0.3,13.1
2023,06,30,08,1.1,13.5
2023,06,30,09,2.7,13.3
2023,06,30,10,4.0,13.1
2023,06,30,11,3.7,13.5
2023,06,30,12,5.7,13.1
2023,06,30,13,3.0,13.3
2023,06,30,14,3.3,14.3
2023,06,30,15,1.7,13.9
2023,06,30,16,1.5,13.8
2023,06,30,17,1.9,14.3
2023,06,30,18,5.4,13.8
2023,06,30,19,5.2,14.2
2023,06,30,20,5.1,14.3
2023,06,30,21,4.5,14.3
2023,06,30,22,4.9,14.8
2023,06,30,23,4.7,14.2
2023,07,01,00,5.5,14.4
2023,07,01,01,5.6,14.7
2023,07,01,02,6.6,15.0
2023,07,01,03,6.1,14.3
2023,07,01,04,5.9,13.7
2023,07,01,05,5.6,13.7
2023,07,01,06,6.0,13.7
2023,07,01,07,5.7,14.8
2023,07,01,08,5.0,14.8
2023,07,01,09,3.8,14.6
2023,07,01,10,5.9,14.4
2023,07,01,11,5.7,14.1
2023,07,01,12,7.6,14.9
2023,07,01,13,2.9,14.3
2023,07,01,14,2.6,15.0
2023,07,01,15,3.5,16.1
2023,07,01,16,2.4,16.3
2023,07,01,17,1.0,16.9
2023,07,01,18,3.8,16.1
2023,07,01,19,4.9,16.3
2023,07,01,20,4.6,16.9
2023,07,01,21,5.6,16.0
2023,07,01,22,6.6,15.7
2023,07,01,23,5.9,15.2
2023,07,02,00,5.7,14.9
2023,07,02,01,6.8,15.0
2023,07,02,02,5.8,15.0
2023,07,02,03,7.1,15.3
2023,07,02,04,6.4,15.3
2023,07,02,05,6.2,15.3
2023,07,02,06,6.4,15.3
2023,07,02,07,5.6,15.2
2023,07,02,08,6.1,14.9
2023,07,02,09,5.3,14.7
2023,07,02,10,5.8,14.8
2023,07,02,11,7.5,14.2
2023,07,02,12,7.8,14.7
2023,07,02,13,7.3,14.9
2023,07,02,14,7.3,14.6
2023,07,02,15,5.4,15.7
2023,07,02,16,6.4,15.5
2023,07,02,17,4.9,15.4
2023,07,02,18,3.9,15.6
2023,07,02,19,5.0,15.2
2023,07,02,20,3.2,15.6
2023,07,02,21,1.4,15.0
2023,07,02,22,5.3,15.3
2023,07,02,23,7.5,14.5
2023,07,03,00,7.6,14.8
2023,07,03,01,10.8,15.1
2023,07,03,02,10.1,15.1
2023,07,03,03,12.0,16.1
2023,07,03,04,11.5,15.8
2023,07,03,05,12.1,15.6
2023,07,03,06,9.6,15.5
2023,07,03,07,9.9,15.1
2023,07,03,08,9.7,14.5
2023,07,03,09,10.0,14.2
2023,07,03,10,6.9,13.6
2023,07,03,11,4.6,13.8
2023,07,03,12,4.0,14.9
2023,07,03,13,0.6,14.8
2023,07,03,14,0.2,14.3
2023,07,03,15,2.2,13.8
2023,07,03,16,5.1,14.5
2023,07,03,17,6.5,14.9
2023,07,03,18,6.1,13.0
2023,07,03,19,5.8,14.6
2023,07,03,20,4.7,13.0
2023,07,03,21,2.6,12.6
2023,07,03,22,2.3,12.8
2023,07,03,23,1.6,15.6
2023,07,04,00,4.3,14.7
2023,07,04,01,6.0,14.1
2023,07,04,02,4.5,14.5
2023,07,04,03,9.3,14.4
2023,07,04,04,7.5,13.8
2023,07,04,05,7.3,13.4
2023,07,04,06,6.3,12.4
2023,07,04,07,6.9,12.6
2023,07,04,08,6.2,13.3
2023,07,04,09,4.8,14.6
2023,07,04,10,5.3,15.0
2023,07,04,11,5.2,14.5
2023,07,04,12,5.1,16.1
2023,07,04,13,6.5,15.7
2023,07,04,14,5.1,18.3
2023,07,04,15,7.2,14.7
2023,07,04,16,6.9,14.5
2023,07,04,17,6.6,14.9
2023,07,04,18,6.0,15.7
2023,07,04,19,6.5,14.8
2023,07,04,20,6.3,17.4
2023,07,04,21,4.5,17.8
2023,07,04,22,5.7,17.5
2023,07,04,23,6.2,17.1
2023,07,05,00,7.0,15.7
2023,07,05,01,7.1,15.9
2023,07,05,02,5.1,15.7
2023,07,05,03,5.0,17.0
2023,07,05,04,6.6,17.2
2023,07,05,05,5.5,15.2
2023,07,05,06,3.9,14.9
2023,07,05,07,4.2,13.5
2023,07,05,08,5.2,13.5
2023,07,05,09,5.8,14.7
2023,07,05,10,6.4,13.2
2023,07,05,11,6.2,13.6
2023,07,05,12,4.9,12.8
2023,07,05,13,4.6,13.3
2023,07,05,14,4.9,13.5
2023,07,05,15,4.3,13.6
2023,07,05,16,6.0,13.6
2023,07,05,17,5.5,14.2
2023,07,05,18,6.7,14.4
2023,07,05,19,6.4,14.7
2023,07,05,20,5.7,14.4
2023,07,05,21,7.3,14.3
2023,07,05,22,2.9,15.4
2023,07,05,23,3.4,15.7
2023,07,06,00,0.4,15.5
2023,07,06,01,1.8,13.9
2023,07,06,02,1.9,15.5
2023,07,06,03,4.8,15.7
2023,07,06,04,5.3,15.9
2023,07,06,05,6.5,14.6
2023,07,06,06,5.8,14.5
2023,07,06,07,6.9,14.8
2023,07,06,08,6.2,14.6
2023,07,06,09,6.1,14.9
2023,07,06,10,6.3,15.1
2023,07,06,11,5.5,15.7
2023,07,06,12,5.9,16.4
2023,07,06,13,7.7,15.6
2023,07,06,14,6.4,15.8
2023,07,06,15,5.9,16.2
2023,07,06,16,5.8,16.0
2023,07,06,17,8.0,15.9
2023,07,06,18,8.1,16.3
2023,07,06,19,8.1,16.2
2023,07,06,20,7.7,16.9
2023,07,06,21,8.1,16.9
2023,07,06,22,8.1,16.9
2023,07,06,23,5.1,16.9
2023,07,07,00,5.5,16.0
2023,07,07,01,7.7,16.0
2023,07,07,02,9.1,15.9
2023,07,07,03,3.2,13.9
2023,07,07,04,6.7,16.0
2023,07,07,05,6.4,15.1
2023,07,07,06,6.6,15.7
2023,07,07,07,6.8,15.1
2023,07,07,08,7.2,15.1
2023,07,07,09,7.3,15.1
2023,07,07,10,6.9,15.9
2023,07,07,11,5.8,16.3
2023,07,07,12,6.8,15.7
2023,07,07,13,7.2,15.1
2023,07,07,14,6.3,14.6
2023,07,07,15,7.3,15.1
2023,07,07,16,5.2,14.1
2023,07,07,17,4.1,14.4
2023,07,07,18,7.0,15.8
2023,07,07,19,8.1,16.1
2023,07,07,20,8.4,17.2
2023,07,07,21,8.0,15.8
2023,07,07,22,6.4,15.3
2023,07,07,23,5.5,14.6
2023,07,08,00,4.1,15.1
2023,07,08,01,0.6,14.4
2023,07,08,02,5.7,15.4
2023,07,08,03,4.8,16.3
2023,07,08,04,6.7,16.3
2023,07,08,05,6.9,15.6
2023,07,08,06,5.7,14.8
2023,07,08,07,3.9,14.8
2023,07,08,08,5.4,15.1
2023,07,08,09,1.4,14.5
2023,07,08,10,1.3,14.8
2023,07,08,11,3.2,13.9
2023,07,08,12,2.3,14.2
2023,07,08,13,4.3,13.9
2023,07,08,14,4.0,15.0
2023,07,08,15,4.4,15.3
2023,07,08,16,1.4,16.4
2023,07,08,17,3.0,16.0
2023,07,08,18,2.8,16.2
2023,07,08,19,2.0,16.7
2023,07,08,20,4.0,16.0
2023,07,08,21,4.8,16.3
2023,07,08,22,4.2,16.3
2023,07,08,23,4.1,16.2
2023,07,09,00,3.7,16.3
2023,07,09,01,5.1,16.1
2023,07,09,02,6.3,15.9
2023,07,09,03,4.6,16.4
2023,07,09,04,3.0,16.4
2023,07,09,05,3.7,16.4
2023,07,09,06,5.1,16.1
2023,07,09,07,2.4,13.9
2023,07,09,08,2.0,13.6
2023,07,09,09,4.0,13.1
2023,07,09,10,5.7,13.6
2023,07,09,11,5.9,14.6
2023,07,09,12,4.2,15.2
2023,07,09,13,2.9,14.1
2023,07,09,14,4.2,12.2
2023,07,09,15,4.5,12.2
2023,07,09,16,4.4,13.0
2023,07,09,17,3.6,13.7
2023,07,09,18,4.0,13.6
2023,07,09,19,3.0,14.0
2023,07,09,20,3.0,14.1
2023,07,09,21,3.8,13.8
2023,07,09,22,3.2,14.7
2023,07,09,23,2.1,16.0
2023,07,10,00,1.4,16.2
2023,07,10,01,3.2,15.2
2023,07,10,02,3.3,15.4
2023,07,10,03,0.4,14.3
2023,07,10,04,2.0,13.8
2023,07,10,05,3.7,14.4
2023,07,10,06,3.3,14.3
2023,07,10,07,4.8,14.7
2023,07,10,08,5.5,13.9
2023,07,10,09,5.4,14.0
2023,07,10,10,6.6,13.9
2023,07,10,11,6.4,13.9
2023,07,10,12,5.9,13.6
2023,07,10,13,4.9,13.8
2023,07,10,14,4.7,13.9
2023,07,10,15,5.2,13.7
2023,07,10,16,6.2,14.2
2023,07,10,17,5.7,14.1
2023,07,10,18,6.9,14.4
2023,07,10,19,6.7,13.8
2023,07,10,20,6.5,13.8
2023,07,10,21,4.7,14.3
2023,07,10,22,4.6,14.5
2023,07,10,23,6.9,15.4
2023,07,11,00,5.7,15.9
2023,07,11,01,4.6,15.5
2023,07,11,02,7.4,16.1
2023,07,11,03,8.8,16.0
2023,07,11,04,9.7,15.7
2023,07,11,05,9.0,15.3
2023,07,11,06,9.0,14.9
2023,07,11,07,9.0,14.8
2023,07,11,08,8.9,15.0
2023,07,11,09,8.3,15.2
2023,07,11,10,7.5,15.3
2023,07,11,11,6.3,15.5
2023,07,11,12,5.9,15.8
2023,07,11,13,4.8,16.4
2023,07,11,14,5.2,16.6
2023,07,11,15,5.1,16.6
2023,07,11,16,1.4,15.6
2023,07,11,17,1.4,15.4
2023,07,11,18,2.5,15.5
2023,07,11,19,1.5,19.0
2023,07,11,20,2.4,15.1
2023,07,11,21,3.4,15.7
2023,07,11,22,3.8,15.2
2023,07,11,23,2.7,15.3
2023,07,12,00,4.2,16.3
2023,07,12,01,5.1,16.7
2023,07,12,02,5.6,16.4
2023,07,12,03,6.3,17.3
2023,07,12,04,7.0,17.2
2023,07,12,05,5.9,16.2
2023,07,12,06,4.5,15.8
2023,07,12,07,2.8,15.2
2023,07,12,08,3.6,16.8
2023,07,12,09,2.4,17.9
2023,07,12,10,3.1,17.7
2023,07,12,11,3.1,18.1
2023,07,12,12,3.7,16.5
2023,07,12,13,4.1,16.7
2023,07,12,14,1.8,17.0
2023,07,12,15,2.5,19.7
2023,07,12,16,2.7,20.0
2023,07,12,17,2.0,21.2
2023,07,12,18,4.5,20.1
2023,07,12,19,4.5,21.8
2023,07,12,20,4.8,20.4
2023,07,12,21,7.4,20.1
2023,07,12,22,6.7,20.5
2023,07,12,23,7.9,20.0
2023,07,13,00,9.1,19.2
2023,07,13,01,6.3,18.1
2023,07,13,02,5.3,18.6
2023,07,13,03,4.1,20.2
2023,07,13,04,3.1,19.1
2023,07,13,05,2.6,19.0
2023,07,13,06,1.9,18.2
2023,07,13,07,3.0,18.2
2023,07,13,08,4.1,17.9
2023,07,13,09,4.6,17.8
2023,07,13,10,3.0,18.2
2023,07,13,11,3.1,18.3
2023,07,13,12,2.3,18.9
2023,07,13,13,2.6,18.0
2023,07,13,14,0.1,18.4
2023,07,13,15,5.0,19.7
2023,07,13,16,3.9,19.4
2023,07,13,17,4.2,19.3
2023,07,13,18,3.3,19.9
2023,07,13,19,5.1,19.8
2023,07,13,20,5.6,20.1
2023,07,13,21,7.0,19.4
2023,07,13,22,7.6,19.4
2023,07,13,23,8.0,18.2
2023,07,14,00,7.6,17.5
2023,07,14,01,7.4,17.4
2023,07,14,02,8.3,17.4
2023,07,14,03,8.8,17.1
2023,07,14,04,10.0,17.4
2023,07,14,05,9.8,17.4
2023,07,14,06,9.4,17.3
2023,07,14,07,9.1,17.2
2023,07,14,08,9.2,16.9
2023,07,14,09,9.1,17.0
2023,07,14,10,10.7,17.3
2023,07,14,11,8.2,17.0
2023,07,14,12,8.9,16.8
2023,07,14,13,7.9,17.2
2023,07,14,14,6.5,17.8
2023,07,14,15,6.5,17.4
2023,07,14,16,8.0,18.1
2023,07,14,17,4.6,18.1
2023,07,14,18,6.4,18.2
2023,07,14,19,3.8,17.9
2023,07,14,20,1.8,17.8
2023,07,14,21,5.0,17.3
2023,07,14,22,5.4,18.6
2023,07,14,23,6.0,18.5
2023,07,15,00,6.4,18.0
2023,07,15,01,4.6,17.7
2023,07,15,02,7.1,17.9
2023,07,15,03,7.2,18.0
2023,07,15,04,7.6,17.2
2023,07,15,05,8.1,17.4
2023,07,15,06,7.7,17.2
2023,07,15,07,6.8,17.4
2023,07,15,08,6.2,17.2
2023,07,15,09,6.1,17.4
2023,07,15,10,5.8,17.7
2023,07,15,11,6.0,17.7
2023,07,15,12,7.9,17.8
2023,07,15,13,9.1,17.8
2023,07,15,14,8.5,18.0
2023,07,15,15,6.2,18.2
2023,07,15,16,5.8,19.0
2023,07,15,17,3.9,18.8
2023,07,15,18,4.6,19.3
2023,07,15,19,5.6,18.8
2023,07,15,20,5.4,19.9
2023,07,15,21,5.0,19.6
2023,07,15,22,5.1,19.4
2023,07,15,23,5.9,17.8
2023,07,16,00,5.7,17.4
2023,07,16,01,7.6,17.9
2023,07,16,02,7.8,17.8
2023,07,16,03,8.6,18.0
2023,07,16,04,8.9,17.4
2023,07,16,05,9.0,17.4
2023,07,16,06,9.2,17.7
2023,07,16,07,9.1,17.3
2023,07,16,08,9.3,17.4
2023,07,16,09,8.0,16.8
2023,07,16,10,8.9,17.0
2023,07,16,11,9.5,17.0
2023,07,16,12,9.9,17.2
2023,07,16,13,10.3,17.3
2023,07,16,14,10.1,17.6
2023,07,16,15,9.6,17.8
2023,07,16,16,9.6,17.8
2023,07,16,17,10.1,17.9
2023,07,16,18,10.1,17.7
2023,07,16,19,10.7,17.9
2023,07,16,20,11.1,17.9
2023,07,16,21,11.3,17.5
2023,07,16,22,14.2,18.2
2023,07,16,23,14.0,17.7
2023,07,17,00,13.8,17.5
2023,07,17,01,13.0,17.0
2023,07,17,02,11.8,17.1
2023,07,17,03,11.0,16.8
2023,07,17,04,11.8,17.1
2023,07,17,05,9.9,17.3
2023,07,17,06,12.7,17.4
2023,07,17,07,10.5,16.4
2023,07,17,08,9.0,16.0
2023,07,17,09,7.8,16.0
2023,07,17,10,7.1,16.0
2023,07,17,11,9.8,16.3
2023,07,17,12,8.4,16.5
2023,07,17,13,7.5,16.2
2023,07,17,14,8.4,15.8
2023,07,17,15,7.7,16.5
2023,07,17,16,7.9,16.8
2023,07,17,17,7.9,17.0
2023,07,17,18,7.8,17.6
2023,07,17,19,8.1,17.5
2023,07,17,20,7.6,18.3
2023,07,17,21,8.4,17.1
2023,07,17,22,8.2,18.1
2023,07,17,23,7.2,17.6
2023,07,18,00,5.5,16.7
2023,07,18,01,5.5,16.9
2023,07,18,02,6.9,15.9
2023,07,18,03,6.2,15.0
2023,07,18,04,7.1,17.6
2023,07,18,05,7.8,17.7
2023,07,18,06,7.9,16.9
2023,07,18,07,6.4,16.2
2023,07,18,08,5.7,15.8
2023,07,18,09,5.6,15.2
2023,07,18,10,7.4,16.9
2023,07,18,11,8.3,16.5
2023,07,18,12,7.4,15.6
2023,07,18,13,6.8,16.6
2023,07,18,14,7.9,16.4
2023,07,18,15,6.7,16.6
2023,07,18,16,6.2,16.6
2023,07,18,17,4.1,17.5
2023,07,18,18,5.4,17.7
2023,07,18,19,6.6,16.9
2023,07,18,20,6.7,17.2
2023,07,18,21,5.6,18.2
2023,07,18,22,6.9,17.3
2023,07,18,23,6.0,16.7
2023,07,19,00,5.4,16.8
2023,07,19,01,5.7,17.2
2023,07,19,02,7.5,16.7
2023,07,19,03,6.9,17.5
2023,07,19,04,4.9,17.9
2023,07,19,05,6.9,17.9
2023,07,19,06,5.4,16.8
2023,07,19,07,7.8,17.5
2023,07,19,08,7.5,17.3
2023,07,19,09,7.0,16.1
2023,07,19,10,1.8,15.7
2023,07,19,11,1.5,15.2
2023,07,19,12,3.5,15.9
2023,07,19,13,8.2,17.7
2023,07,19,14,7.3,18.0
2023,07,19,15,7.2,17.4
2023,07,19,16,6.7,15.9
2023,07,19,17,3.4,14.9
2023,07,19,18,3.4,16.1
2023,07,19,19,5.3,17.7
2023,07,19,20,5.6,17.0
2023,07,19,21,6.5,16.6
2023,07,19,22,6.6,16.1
2023,07,19,23,5.7,15.0
2023,07,20,00,8.3,16.3
2023,07,20,01,7.2,16.0
2023,07,20,02,6.9,16.4
2023,07,20,03,5.5,16.2
2023,07,20,04,7.1,18.5
2023,07,20,05,6.2,15.9
2023,07,20,06,5.7,15.0
2023,07,20,07,4.8,16.6
2023,07,20,08,5.3,16.8
2023,07,20,09,5.5,17.9
2023,07,20,10,3.3,16.8
2023,07,20,11,5.1,16.9
2023,07,20,12,6.4,16.7
2023,07,20,13,5.4,18.3
2023,07,20,14,3.1,17.4
2023,07,20,15,4.6,17.6
2023,07,20,16,3.1,18.7
2023,07,20,17,1.9,20.4
2023,07,20,18,0.3,21.9
2023,07,20,19,0.9,19.9
2023,07,20,20,1.0,21.1
2023,07,20,21,2.2,20.0
2023,07,20,22,2.6,22.1
2023,07,20,23,2.6,21.5
2023,07,21,00,2.1,20.0
2023,07,21,01,0.3,18.9
2023,07,21,02,2.6,18.8
2023,07,21,03,1.2,18.5
2023,07,21,04,1.5,18.1
2023,07,21,05,1.4,18.0
2023,07,21,06,0.0,17.8
2023,07,21,07,3.6,14.1
2023,07,21,08,4.7,15.2
2023,07,21,09,4.7,15.4
2023,07,21,10,1.1,16.3
2023,07,21,11,2.2,15.6
2023,07,21,12,3.1,15.7
2023,07,21,13,3.1,13.7
2023,07,21,14,5.4,13.6
2023,07,21,15,2.6,14.0
2023,07,21,16,5.2,13.5
2023,07,21,17,6.7,13.0
2023,07,21,18,4.4,13.1
2023,07,21,19,2.6,13.0
2023,07,21,20,3.4,13.1
2023,07,21,21,5.4,13.3
2023,07,21,22,4.2,14.4
2023,07,21,23,3.4,15.4
2023,07,22,00,3.8,15.9
2023,07,22,01,3.0,16.4
2023,07,22,02,2.9,15.9
2023,07,22,03,0.8,16.7
2023,07,22,05,4.5,17.0
2023,07,22,06,1.5,16.7
2023,07,22,07,2.6,16.0
2023,07,22,08,6.0,16.3
2023,07,22,09,0.2,16.5
2023,07,22,10,0.9,15.8
2023,07,22,11,0.1,15.7
2023,07,22,12,2.6,15.3
2023,07,22,13,3.1,15.5
2023,07,22,14,3.1,15.2
2023,07,22,15,1.4,15.9
2023,07,22,16,3.2,16.1
2023,07,22,17,1.3,16.8
2023,07,22,18,1.2,18.1
2023,07,22,19,2.7,18.7
2023,07,22,20,2.0,18.9
2023,07,22,21,2.8,19.3
2023,07,22,22,4.6,18.7
2023,07,22,23,2.3,18.7
2023,07,23,00,3.8,17.8
2023,07,23,01,5.6,17.4
2023,07,23,02,5.1,17.8
2023,07,23,03,4.1,17.9
2023,07,23,04,2.0,16.6
2023,07,23,05,2.1,17.4
2023,07,23,06,4.7,18.3
2023,07,23,07,3.9,17.8
2023,07,23,08,3.0,16.8
2023,07,23,09,2.6,17.2
2023,07,23,10,0.3,16.7
2023,07,23,11,0.8,16.6
2023,07,23,12,2.5,16.5
2023,07,23,13,1.1,16.3
2023,07,23,14,1.2,16.9
2023,07,23,15,0.2,16.2
2023,07,23,16,0.9,17.7
2023,07,23,17,3.0,18.0
2023,07,23,18,3.8,19.0
2023,07,23,19,5.1,18.3
2023,07,23,20,5.7,19.5
2023,07,23,21,5.0,19.8
2023,07,23,22,7.3,19.0
2023,07,23,23,7.1,19.0
2023,07,24,00,7.2,18.3
2023,07,24,01,7.3,18.6
2023,07,24,02,7.5,18.1
2023,07,24,03,6.5,18.0
2023,07,24,04,5.9,17.5
2023,07,24,05,7.1,17.6
2023,07,24,06,6.4,17.3
2023,07,24,07,7.2,16.8
2023,07,24,08,6.6,16.8
2023,07,24,09,5.1,16.3
2023,07,24,10,3.4,16.4
2023,07,24,11,3.2,17.5
2023,07,24,12,2.1,16.7
2023,07,24,13,3.3,18.0
2023,07,24,14,2.1,18.1
2023,07,24,15,2.4,18.1
2023,07,24,16,2.8,19.7
2023,07,24,17,4.8,20.4
2023,07,24,18,4.9,21.0
2023,07,24,19,4.9,21.0
2023,07,24,20,6.8,20.5
2023,07,24,21,6.3,20.7
2023,07,24,22,7.1,21.8
2023,07,24,23,7.4,21.0
2023,07,25,00,8.2,18.9
2023,07,25,01,8.5,18.6
2023,07,25,02,9.3,18.6
2023,07,25,03,9.3,17.8
2023,07,25,04,9.1,18.0
2023,07,25,05,8.8,17.7
2023,07,25,06,9.4,18.0
2023,07,25,07,9.4,17.5
2023,07,25,08,9.0,17.4
2023,07,25,09,6.8,17.1
2023,07,25,10,6.6,17.3
2023,07,25,11,8.3,17.8
2023,07,25,12,8.3,17.7
2023,07,25,13,8.6,17.7
2023,07,25,14,8.1,17.7
2023,07,25,15,9.3,18.1
2023,07,25,16,7.7,17.9
2023,07,25,17,7.5,18.2
2023,07,25,18,8.1,18.2
2023,07,25,19,9.0,18.5
2023,07,25,20,7.9,19.2
2023,07,25,21,8.1,19.5
2023,07,25,22,7.5,19.2
2023,07,25,23,8.2,18.6
2023,07,26,00,8.3,18.2
2023,07,26,01,7.5,17.8
2023,07,26,02,7.8,17.8
2023,07,26,03,7.6,18.0
2023,07,26,04,6.9,18.3
2023,07,26,05,8.8,18.2
2023,07,26,06,7.8,18.0
2023,07,26,07,5.0,18.0
2023,07,26,08,5.6,17.9
2023,07,26,09,4.8,17.9
2023,07,26,10,5.8,17.8
2023,07,26,11,7.7,18.1
2023,07,26,12,6.7,18.1
2023,07,26,13,4.9,17.9
2023,07,26,14,6.5,16.2
2023,07,26,15,5.9,18.3
2023,07,26,16,6.0,16.4
2023,07,26,17,6.5,16.6
2023,07,26,18,6.7,17.1
2023,07,26,19,5.7,17.3
2023,07,26,20,9.3,18.4
2023,07,26,21,8.6,18.5
2023,07,26,22,7.1,18.0
2023,07,26,23,7.6,18.0
2023,07,27,00,9.8,17.9
2023,07,27,01,8.6,18.0
2023,07,27,02,10.1,18.7
2023,07,27,03,9.7,18.1
2023,07,27,04,10.4,18.3
2023,07,27,05,10.0,17.9
2023,07,27,06,9.4,17.6
2023,07,27,07,9.5,17.2
2023,07,27,08,10.1,17.3
2023,07,27,09,10.5,17.0
2023,07,27,10,9.9,17.1
2023,07,27,11,9.0,17.1
2023,07,27,12,10.1,17.2
2023,07,27,13,9.1,17.4
2023,07,27,14,9.4,17.5
2023,07,27,15,10.0,17.6
2023,07,27,16,9.9,17.7
2023,07,27,17,10.1,17.5
2023,07,27,18,9.7,17.9
2023,07,27,19,9.6,17.8
2023,07,27,20,6.8,18.1
2023,07,27,21,10.3,18.1
2023,07,27,22,11.8,18.2
2023,07,27,23,13.2,18.0
2023,07,28,00,12.8,18.0
2023,07,28,01,12.5,17.8
2023,07,28,02,10.5,17.5
2023,07,28,03,8.3,17.8
2023,07,28,04,8.4,16.4
2023,07,28,05,5.9,19.2
2023,07,28,06,3.2,17.2
2023,07,28,07,4.1,17.8
2023,07,28,08,4.5,16.8
2023,07,28,09,5.0,18.6
2023,07,28,10,4.3,18.8
2023,07,28,11,4.2,19.1
2023,07,28,12,4.5,18.2
2023,07,28,13,5.5,16.1
2023,07,28,14,3.9,17.7
2023,07,28,15,4.5,17.0
2023,07,28,16,5.5,18.7
2023,07,28,17,6.5,18.6
2023,07,28,18,6.5,19.2
2023,07,28,19,7.9,17.6
2023,07,28,20,7.8,19.0
2023,07,28,21,8.2,18.0
2023,07,28,22,9.9,18.0
2023,07,28,23,9.3,18.0
2023,07,29,00,9.1,17.3
2023,07,29,01,8.5,17.8
2023,07,29,02,7.8,17.4
2023,07,29,03,8.1,17.7
2023,07,29,04,6.0,16.9
2023,07,29,05,8.2,17.5
2023,07,29,06,7.2,17.3
2023,07,29,07,7.6,17.3
2023,07,29,08,8.5,18.8
2023,07,29,09,6.8,17.3
2023,07,29,10,6.1,17.8
2023,07,29,11,4.8,17.3
2023,07,29,12,2.7,18.4
2023,07,29,13,0.2,19.6
2023,07,29,14,2.0,18.5
2023,07,29,15,1.1,20.7
2023,07,29,16,2.8,21.2
2023,07,29,17,4.4,21.1
2023,07,29,18,5.8,22.0
2023,07,29,19,6.2,21.7
2023,07,29,20,5.1,21.8
2023,07,29,21,5.6,21.1
2023,07,29,22,4.1,20.7
2023,07,29,23,2.1,19.3
2023,07,30,00,6.8,17.3
2023,07,30,01,9.3,16.7
2023,07,30,02,11.8,16.7
2023,07,30,03,9.2,15.4
2023,07,30,04,10.0,15.2
2023,07,30,05,8.8,14.6
2023,07,30,06,8.7,14.9
2023,07,30,07,8.7,15.0
2023,07,30,08,8.4,15.1
2023,07,30,09,8.3,14.5
2023,07,30,10,8.1,14.5
2023,07,30,11,6.3,14.8
2023,07,30,12,6.5,14.7
2023,07,30,13,7.3,15.0
2023,07,30,14,5.4,14.7
2023,07,30,15,7.2,14.6
2023,07,30,16,8.3,15.3
2023,07,30,17,8.5,15.6
2023,07,30,18,8.3,15.7
2023,07,30,19,8.9,15.9
2023,07,30,20,7.4,15.7
2023,07,30,21,8.9,15.8
2023,07,30,22,8.8,16.3
2023,07,30,23,7.9,15.4
2023,07,31,00,7.1,15.0
2023,07,31,01,6.8,15.1
2023,07,31,02,6.0,14.9
2023,07,31,03,5.8,14.9
2023,07,31,04,5.5,15.1
2023,07,31,05,6.0,14.8
2023,07,31,06,5.4,15.8
2023,07,31,07,4.2,16.4
2023,07,31,08,4.1,16.8
2023,07,31,09,4.3,17.6
2023,07,31,10,5.7,15.5
2023,07,31,11,4.7,15.7
2023,07,31,12,2.6,15.1
2023,07,31,13,3.1,15.4
2023,07,31,14,2.7,16.2
2023,07,31,15,3.0,16.2
2023,07,31,16,4.2,17.5
2023,07,31,17,4.1,18.2
2023,07,31,18,5.5,18.3
2023,07,31,19,6.1,18.2
2023,07,31,20,7.7,18.5
2023,07,31,21,7.8,15.9
2023,07,31,22,3.1,16.6
2023,07,31,23,2.5,16.3
2023,8,1,0,3.6,16.5
2023,8,1,1,4.7,15.8
2023,8,1,2,4.6,16
2023,8,1,3,4.7,15.2
2023,8,1,4,3.9,15.2
2023,8,1,5,4.5,15.1
2023,8,1,6,3.3,15.8
2023,8,1,7,5.6,15.6
2023,8,1,8,4.4,15.7
2023,8,1,9,3.6,15.2
2023,8,1,10,4.4,14.7
2023,8,1,11,1.8,14.9
2023,8,1,12,2.5,15.1
2023,8,1,13,2.4,14.9
2023,8,1,14,2.1,14.6
2023,8,1,15,2.5,14.9
2023,8,1,16,3.7,15.3
2023,8,1,17,3.7,16
2023,8,1,18,4.7,16.1
2023,8,1,19,6.2,15.9
2023,8,1,20,6.1,15.7
2023,8,1,21,6.6,15.9
2023,8,1,22,6.6,16.2
2023,8,1,23,4.3,15.8
2023,8,2,0,5.5,15.5
2023,8,2,1,5.8,16.2
2023,8,2,2,4.7,16.4
2023,8,2,3,4.3,16.1
2023,8,2,4,7.5,15.8
2023,8,2,5,6.9,15.4
2023,8,2,6,6.1,15
2023,8,2,7,5.4,14.9
2023,8,2,8,6.2,14.5
2023,8,2,9,6,14.3
2023,8,2,10,4.8,14.3
2023,8,2,11,3.2,14.1
2023,8,2,12,4.3,14.2
2023,8,2,13,3.9,14.2
2023,8,2,14,4.5,14.3
2023,8,2,15,1.9,14.7
2023,8,2,16,1.9,15.2
2023,8,2,17,4.4,15.2
2023,8,2,18,4.7,16.1
2023,8,2,19,4.9,17
2023,8,2,20,6.5,16.8
2023,8,2,21,5.1,17.3
2023,8,2,22,6.9,15.9
2023,8,2,23,5.8,15.5
2023,8,3,0,6.8,15.4
2023,8,3,1,6.6,15.5
2023,8,3,2,5.9,15.6
2023,8,3,3,5.8,15.6
2023,8,3,4,5.8,15.6
2023,8,3,5,6.5,15.7
2023,8,3,6,6,15.6
2023,8,3,7,5.4,15.4
2023,8,3,8,3.3,14.9
2023,8,3,9,4.6,15.5
2023,8,3,10,4.1,15.6
2023,8,3,11,4.1,16.7
2023,8,3,12,5.1,17.3
2023,8,3,13,5.4,17.8
2023,8,3,14,5,17.8
2023,8,3,15,7.6,17.8
2023,8,3,16,7.3,18.3
2023,8,3,17,7.5,18.2
2023,8,3,18,7.6,18.4
2023,8,3,19,8.3,18.4
2023,8,3,20,8.6,18.1
2023,8,3,21,9.2,18.1
2023,8,3,22,8.6,18
2023,8,3,23,8.8,17.4
2023,8,4,0,8.6,16.7
2023,8,4,1,9.4,17
2023,8,4,2,8.9,16.7
2023,8,4,3,9,16.8
2023,8,4,4,9.4,16.7
2023,8,4,5,9.6,16.5
2023,8,4,6,9.1,16.4
2023,8,4,7,8.5,16.2
2023,8,4,8,9.1,16
2023,8,4,9,9.2,15.8
2023,8,4,10,8.9,15.8
2023,8,4,11,10.2,16.2
2023,8,4,12,10.1,16.4
2023,8,4,13,9.6,16.3
2023,8,4,14,9.9,16.3
2023,8,4,15,8.5,16
2023,8,4,16,11.3,16.6
2023,8,4,17,9.1,16.2
2023,8,4,18,7.3,15.9
2023,8,4,19,9.3,15.9
2023,8,4,20,10.2,15.8
2023,8,4,21,11.3,15.9
2023,8,4,22,7.8,15.7
2023,8,4,23,4.2,15.7
2023,8,5,0,8.4,17.4
2023,8,5,1,9.2,15.6
2023,8,5,2,7.8,15.5
2023,8,5,3,7.8,15.5
2023,8,5,4,7.8,16
2023,8,5,5,7.6,15.8
2023,8,5,6,8.3,15
2023,8,5,7,6.2,15.1
2023,8,5,8,3.2,15.2
2023,8,5,9,0.6,15.1
2023,8,5,10,2.5,14.1
2023,8,5,11,3.4,14.4
2023,8,5,12,2.7,15.2
2023,8,5,13,3.9,15.5
2023,8,5,14,2.5,16.4
2023,8,5,15,2.1,14
2023,8,5,16,2.4,14.4
2023,8,5,17,2.5,14.7
2023,8,5,18,0.6,16.8
2023,8,5,19,1.1,17.1
2023,8,5,20,1.6,20.6
2023,8,5,21,2.9,18.7
2023,8,5,22,3.9,17.4
2023,8,5,23,2.7,16.5
2023,8,6,0,4.9,15.9
2023,8,6,1,6.1,16.4
2023,8,6,2,6.3,15.8
2023,8,6,3,5.9,15
2023,8,6,4,5,14.3
2023,8,6,5,6.6,15.2
2023,8,6,6,6.7,16.4
2023,8,6,7,7.3,15.9
2023,8,6,8,6.5,16.2
2023,8,6,9,6.9,15.1
2023,8,6,10,5.3,15.6
2023,8,6,11,5.4,14.5
2023,8,6,12,5.9,14.4
2023,8,6,13,5,15.2
2023,8,6,14,5.1,14.6
2023,8,6,15,6.7,14.7
2023,8,6,16,7.9,14.7
2023,8,6,17,9.2,15.3
2023,8,6,18,8.3,15.5
2023,8,6,19,9.7,16.3
2023,8,6,20,8.4,16.6
2023,8,6,21,8.8,16.6
2023,8,6,22,7.4,16.2
2023,8,6,23,8.2,15.9
2023,8,7,0,8.8,15.9
2023,8,7,1,8.5,15.9
2023,8,7,2,8.5,15.8
2023,8,7,3,8.4,15.8
2023,8,7,4,6.4,16.4
2023,8,7,5,4.5,15.7
2023,8,7,6,5.7,14.8
2023,8,7,7,5.7,15.9
2023,8,7,8,4.2,15.6
2023,8,7,9,4.6,17
2023,8,7,10,4.2,16.5
2023,8,7,11,4.1,17.2
2023,8,7,12,2.7,16.5
2023,8,7,13,2.2,17.6
2023,8,7,14,0,17.3
2023,8,7,15,5.2,16.8
2023,8,7,16,2.9,16.8
2023,8,7,17,0.1,18.7
2023,8,7,18,0.9,19.2
2023,8,7,19,2.8,17.7
2023,8,7,20,4.4,18.5
2023,8,7,21,3.4,18.6
2023,8,7,22,3.8,18.2
2023,8,7,23,4.8,18.1
2023,8,8,0,4,17.6
2023,8,8,1,5.6,17.6
2023,8,8,2,5.7,17.4
2023,8,8,3,5.4,17.5
2023,8,8,4,6.1,17.5
2023,8,8,5,6,16.3
2023,8,8,6,7.6,16.1
2023,8,8,7,6.6,16.3
2023,8,8,9,9.4,15.8
2023,8,8,10,7.6,15.7
2023,8,8,11,9.5,15.3
2023,8,8,12,10.3,15.5
2023,8,8,13,11.1,15.7
2023,8,8,14,9.8,15.7
2023,8,8,15,10.5,15.7
2023,8,8,16,10.7,15.9
2023,8,8,17,11.4,15.9
2023,8,8,18,12.4,15.8
2023,8,8,19,13,16.1
2023,8,8,20,13.2,16.3
2023,8,8,21,13.3,16.3
2023,8,8,22,11.7,16.5
2023,8,8,23,13.4,16.2
2023,8,9,0,14.2,16.3
2023,8,9,1,13.8,15.5
2023,8,9,2,11.9,15.1
2023,8,9,3,9.3,16.2
2023,8,9,4,8,17.2
2023,8,9,5,7.5,16.6
2023,8,9,6,6.8,16.7
2023,8,9,7,2.4,14.9
2023,8,9,8,3.9,15.4
2023,8,9,9,6.8,13.5
2023,8,9,10,7.5,13.3
2023,8,9,11,7.1,13.9
2023,8,9,12,7.3,14.9
2023,8,9,13,7,13.9
2023,8,9,14,5,13.4
2023,8,9,15,7.3,14.7
2023,8,9,16,7.3,14.8
2023,8,9,17,6.9,15
2023,8,9,18,8.6,17.5
2023,8,9,19,9.3,18.4
2023,8,9,20,9.2,18.7
2023,8,9,21,8.1,18.2
2023,8,9,22,5.8,16.7
2023,8,9,23,5.4,18.6
2023,8,10,0,8.1,17.3
2023,8,10,1,8,17.2
2023,8,10,2,7.8,16.4
2023,8,10,3,5.6,15.4
2023,8,10,4,8.9,18
2023,8,10,5,9.1,16.4
2023,8,10,6,8.9,14.8
2023,8,10,7,9.2,17.6
2023,8,10,8,6.6,16.8
2023,8,10,9,7.7,15.2
2023,8,10,10,6.3,15.4
2023,8,10,11,7.2,15.1
2023,8,10,12,5.7,15.1
2023,8,10,13,6.8,15.4
2023,8,10,14,6.5,16.9
2023,8,10,15,5.8,16.4
2023,8,10,16,6.1,16.5
2023,8,10,17,6,17.1
2023,8,10,18,6.2,17.2
2023,8,10,19,7.1,18
2023,8,10,20,7.2,17.9
2023,8,10,21,8.2,16.7
2023,8,10,22,7,17.3
2023,8,10,23,8.1,16.3
2023,8,11,0,8,16.8
2023,8,11,1,7.6,16.9
2023,8,11,2,8.1,17.3
2023,8,11,3,8.8,17.1
2023,8,11,4,9.1,16.5
2023,8,11,5,10.1,16.7
2023,8,11,6,10.3,17.1
2023,8,11,7,12.6,16.4
2023,8,11,8,10.1,16.2
2023,8,11,9,9.9,16.2
2023,8,11,10,10,15.7
2023,8,11,11,8.5,16.1
2023,8,11,12,7.4,14.5
2023,8,11,13,7.9,14.4
2023,8,11,14,8.7,14.6
2023,8,11,15,7.4,15.6
2023,8,11,16,6.8,15
2023,8,11,17,8.9,15.2
2023,8,11,18,10.7,15.5
2023,8,11,19,9.8,15.5
2023,8,11,20,11,15.9
2023,8,11,21,10.4,16.5
2023,8,11,22,10.1,16.4
2023,8,11,23,9.5,16.4
2023,8,12,0,11.2,17
2023,8,12,1,9.3,18.5
2023,8,12,2,10.1,18
2023,8,12,3,10,16.8
2023,8,12,4,9.1,17.4
2023,8,12,5,7.8,16
2023,8,12,6,9.7,17
2023,8,12,7,9.6,15.9
2023,8,12,8,6.8,15.6
2023,8,12,9,6.6,15.6
2023,8,12,10,7.5,15.2
2023,8,12,11,8.3,15.4
2023,8,12,12,7.1,15.4
2023,8,12,13,5.5,15.6
2023,8,12,14,4.6,15.3
2023,8,12,15,4.7,16
2023,8,12,16,6.6,15.9
2023,8,12,17,5.9,16.1
2023,8,12,18,7.5,17.4
2023,8,12,19,7.1,17.6
2023,8,12,20,6.6,18.4
2023,8,12,21,7,17.9
2023,8,12,22,7.1,18.2
2023,8,12,23,5.2,17.9
2023,8,13,0,5.2,17.8
2023,8,13,1,5,17.7
2023,8,13,2,5.7,17.7
2023,8,13,3,5.6,17.7
2023,8,13,4,5.8,17.8
2023,8,13,5,5.5,17.9
2023,8,13,6,7.2,17.5
2023,8,13,7,8.4,17.6
2023,8,13,8,9.8,17.4
2023,8,13,9,8.1,17.7
2023,8,13,10,10,18.3
2023,8,13,11,10.6,18.4
2023,8,13,12,9.3,18.1
2023,8,13,13,8.9,17.7
2023,8,13,14,8.2,17.1
2023,8,13,15,9.8,18.2
2023,8,13,16,9.5,18
2023,8,13,17,9.7,18.4
2023,8,13,18,9.1,18.7
2023,8,13,19,8.4,18.3
2023,8,13,20,7.3,17.9
2023,8,13,21,7.2,18
2023,8,13,22,10.8,18.1
2023,8,13,23,5.6,17.5
2023,8,14,0,4.4,18.3
2023,8,14,1,1.1,17.4
2023,8,14,2,1.8,16.6
2023,8,14,3,2.2,16.7
2023,8,14,4,3.3,17.4
2023,8,14,5,5.1,14.8
2023,8,14,6,5.1,16.2
2023,8,14,7,5.3,16.2
2023,8,14,8,4.9,16.7
2023,8,14,9,5.1,16
2023,8,14,10,6.3,14.8
2023,8,14,11,3.6,14.8
2023,8,14,12,3.9,15.6
2023,8,14,13,4.8,15.5
2023,8,14,14,5.5,16
2023,8,14,15,6.3,16.3
2023,8,14,16,6.6,16.5
2023,8,14,17,6.4,17.2
2023,8,14,18,7.9,16.9
2023,8,14,19,8.5,16.7
2023,8,14,20,9,17.9
2023,8,14,21,6.9,17.5
2023,8,14,22,8.1,18.1
2023,8,14,23,7.6,16.8
2023,8,15,0,7.7,17.1
2023,8,15,1,7.5,16.9
2023,8,15,2,5.7,16.5
2023,8,15,3,3,16.3
2023,8,15,4,5.7,16.5
2023,8,15,5,5.1,16.2
2023,8,15,6,5.1,17.2
2023,8,15,7,3.9,17.1
2023,8,15,8,3.5,18.2
2023,8,15,9,2.7,18.1
2023,8,15,10,2.6,18.5
2023,8,15,11,1.6,17.9
2023,8,15,12,2.8,17.7
2023,8,15,13,2.3,18.1
2023,8,15,14,2.2,18.4
2023,8,15,15,0.9,17.9
2023,8,15,16,2.4,17.3
2023,8,15,17,2.6,17.3
2023,8,15,18,4.5,16.5
2023,8,15,19,4.7,17.7
2023,8,15,20,4.3,16.8
2023,8,15,21,3.2,17
2023,8,15,22,3.5,17.2
2023,8,15,23,2.4,17.2
2023,8,16,0,2.1,16.1
2023,8,16,1,1.4,16
2023,8,16,2,1,16.8
2023,8,16,3,0.7,16.8
2023,8,16,4,0.5,16.5
2023,8,16,5,0.6,15.1
2023,8,16,6,0.9,15.4
2023,8,16,7,0.9,15.4
2023,8,16,8,1.6,16
2023,8,16,9,0.8,16.1
2023,8,16,10,2.3,16
2023,8,16,11,2.8,16.2
2023,8,16,12,2.7,16.3
2023,8,16,13,2.3,16.4
2023,8,16,14,1.3,16.6
2023,8,16,15,0.1,17
2023,8,16,16,3.9,14.9
2023,8,16,17,4.1,14.1
2023,8,16,18,3.4,14.3
2023,8,16,19,3.1,14.6
2023,8,16,20,2.9,15.5
2023,8,16,21,3.1,15.8
2023,8,16,22,0.1,17.1
2023,8,16,23,1.2,16.5
2023,8,17,0,0.2,15.8
2023,8,17,1,1.8,15.3
2023,8,17,2,1.9,16.3
2023,8,17,3,0.6,16.2
2023,8,17,4,0.8,16
2023,8,17,5,2.2,17.1
2023,8,17,6,2.2,17.5
2023,8,17,7,1.6,17.4
2023,8,17,8,2.1,17.4
2023,8,17,9,2.1,16.5
2023,8,17,10,2.9,16.4
2023,8,17,11,6.2,16.9
2023,8,17,12,6.5,17.1
2023,8,17,13,6.4,17.2
2023,8,17,14,5.8,17.9
2023,8,17,15,4.9,18.4
2023,8,17,16,5.8,18.6
2023,8,17,17,5.1,18.4
2023,8,17,18,5.3,18.6
2023,8,17,19,6.3,18.2
2023,8,17,20,6,18.2
2023,8,17,21,6.7,18.3
2023,8,17,22,5.9,18
2023,8,17,23,5.7,17.8
2023,8,18,0,5.3,17.7
2023,8,18,1,8,17.6
2023,8,18,2,7.2,17.6
2023,8,18,3,8.1,17.7
2023,8,18,4,7.8,17.7
2023,8,18,5,5.9,18
2023,8,18,6,6.4,17.8
2023,8,18,7,6.2,18.1
2023,8,18,8,4,18.1
2023,8,18,9,2.5,18.2
2023,8,18,10,3.3,18.5
2023,8,18,11,3.7,18.7
2023,8,18,12,5,18.7
2023,8,18,13,4.4,18.8
2023,8,18,14,4.2,18.9
2023,8,18,15,7.1,19
2023,8,18,16,6.2,19.1
2023,8,18,17,7.2,19.4
2023,8,18,18,8.7,19.5
2023,8,18,19,11.3,19.4
2023,8,18,20,14.9,19.9
2023,8,18,21,11.6,19.3
2023,8,18,22,9.6,20.1
2023,8,18,23,8.6,19.3
2023,8,19,0,7.9,19
2023,8,19,1,7,19
2023,8,19,2,8.1,19
2023,8,19,3,7.1,18.8
2023,8,19,4,7.3,18.2
2023,8,19,5,6.7,17.5
2023,8,19,6,7.9,16.8
2023,8,19,7,9.7,16.5
2023,8,19,8,9.1,16.5
2023,8,19,9,11.2,16.5
2023,8,19,10,9.2,16.4
2023,8,19,11,9.8,16.7
2023,8,19,12,8.8,17
2023,8,19,13,8.2,16.3
2023,8,19,14,9.5,16.3
2023,8,19,15,9.2,16.7
2023,8,19,16,6.5,16.8
2023,8,19,17,7.1,17.8
2023,8,19,18,8.5,17.4
2023,8,19,19,8.3,18.6
2023,8,19,20,9.5,18.9
2023,8,19,21,7.2,18.8
2023,8,19,22,8.8,18.2
2023,8,19,23,7.9,18.1
2023,8,20,0,7.9,17.3
2023,8,20,1,9.6,17.3
2023,8,20,2,8.6,17.2
2023,8,20,3,9.4,17.3
2023,8,20,4,8.6,16.8
2023,8,20,5,9,16
2023,8,20,6,9.1,15.5
2023,8,20,7,9,15.5
2023,8,20,8,7.8,14.8
2023,8,20,9,6.9,14.7
2023,8,20,10,7.3,14.6
2023,8,20,11,7.6,15.1
2023,8,20,12,9.9,15.4
2023,8,20,13,8.8,15.4
2023,8,20,14,7.7,14.9
2023,8,20,15,9,15.2
2023,8,20,16,8,15
2023,8,20,17,8.2,15.5
2023,8,20,18,9,15.8
2023,8,20,19,9.5,16.2
2023,8,20,20,8.5,16.6
2023,8,20,21,6.6,16.9
2023,8,20,22,6.7,16.8
2023,8,20,23,6.8,17.2
2023,8,21,0,7.8,17.1
2023,8,21,1,8.5,18.1
2023,8,21,2,5.5,16.9
2023,8,21,3,8.8,18.1
2023,8,21,4,8.8,18.2
2023,8,21,5,5.9,16.9
2023,8,21,6,6.7,17.2
2023,8,21,7,7.9,17
2023,8,21,8,6.7,16.5
2023,8,21,9,9,16.7
2023,8,21,10,5.8,15.6
2023,8,21,11,6.7,16.4
2023,8,21,12,6,15.9
2023,8,21,13,6.7,15.6
2023,8,21,14,5.5,15.9
2023,8,21,15,4.4,16.8
2023,8,21,16,4,16.3
2023,8,21,17,5.5,16.6
2023,8,21,18,5.7,20.3
2023,8,21,19,7.8,18
2023,8,21,20,7,20.4
2023,8,21,21,5.9,18.3
2023,8,21,22,8.2,18.2
2023,8,21,23,6.7,17.3
2023,8,22,0,8.2,19
2023,8,22,1,9.4,19
2023,8,22,2,7.3,17.4
2023,8,22,3,7.7,16.6
2023,8,22,4,9.3,16.5
2023,8,22,5,8.3,16.5
2023,8,22,6,7.6,16.1
2023,8,22,7,6.6,15.6
2023,8,22,8,5.5,14.8
2023,8,22,10,5.9,14.4
2023,8,22,11,6.7,14.7
2023,8,22,12,6.1,14.2
2023,8,22,13,5.9,14.4
2023,8,22,14,4.5,14.9
2023,8,22,15,4,17
2023,8,22,16,2.4,17.2
2023,8,22,17,3.8,17.5
2023,8,22,18,4.1,18
2023,8,22,19,4.3,19
2023,8,22,20,4.7,19
2023,8,22,21,4,19.6
2023,8,22,22,2.8,19.2
2023,8,22,23,9.4,18.2
2023,8,23,0,8.6,16.5
2023,8,23,1,7.5,16.5
2023,8,23,2,6.2,16.5
2023,8,23,3,6.8,16.6
2023,8,23,4,5.6,15.8
2023,8,23,5,6.2,14.8
2023,8,23,6,5.6,14.4
2023,8,23,7,6.3,14.2
2023,8,23,8,5.4,13.9
2023,8,23,9,3.9,13.5
2023,8,23,10,5,13.7
2023,8,23,11,5.6,13.8
2023,8,23,12,5.7,13.5
2023,8,23,13,3.9,13.7
2023,8,23,14,4.7,13.8
2023,8,23,15,3.9,13.9
2023,8,23,16,4.2,14.8
2023,8,23,17,4.6,15.3
2023,8,23,18,5.4,15.5
2023,8,23,19,6.5,15.4
2023,8,23,20,5.7,16
2023,8,23,21,7.4,16.3
2023,8,23,22,7.5,15.9
2023,8,23,23,7.9,15.9
2023,8,24,0,8.1,15.8
2023,8,24,1,8.3,15.7
2023,8,24,2,8.8,15.5
2023,8,24,4,6.8,14.6
2023,8,24,5,6,14.9
2023,8,24,6,6.7,14.8
2023,8,24,7,7.1,14.8
2023,8,24,8,6,14.6
2023,8,24,9,5.6,15
2023,8,24,10,3.9,14.9
2023,8,24,11,5,14.6
2023,8,24,12,3.9,15.5
2023,8,24,13,2.9,16.5
2023,8,24,14,0.9,15.5
2023,8,24,15,2.6,16.1
2023,8,24,16,5.2,15.1
2023,8,24,17,5.6,15.7
2023,8,24,18,6.1,16.6
2023,8,24,19,5,19.1
2023,8,24,20,6.6,18
2023,8,24,21,6.2,18.8
2023,8,24,22,7.6,17.7
2023,8,24,23,7.4,17.3
2023,8,25,0,6.6,17.5
2023,8,25,1,6.5,17.2
2023,8,25,2,6.7,16.9
2023,8,25,3,7.6,16.8
2023,8,25,4,8.5,16.9
2023,8,25,5,7.1,16.8
2023,8,25,6,6.1,16.6
2023,8,25,7,8.1,16.4
2023,8,25,8,6.8,16.4
2023,8,25,9,7.2,16.1
2023,8,25,10,6.9,16.1
2023,8,25,11,5,15.2
2023,8,25,12,2.8,15.5
2023,8,25,13,1.4,15.4
2023,8,25,14,7,15.7
2023,8,25,15,10.6,16.2
2023,8,25,16,10,16.3
2023,8,25,17,11.7,17
2023,8,25,18,12.9,17
2023,8,25,19,18.1,16.9
2023,8,25,20,15.5,16.2
2023,8,25,21,13.5,15.7
2023,8,25,22,16.6,16.1
2023,8,25,23,14.6,16.4
2023,8,26,0,14.2,17
2023,8,26,1,14.4,16.7
2023,8,26,2,13.8,16.5
2023,8,26,3,13.5,16.4
2023,8,26,4,13.6,16.2
2023,8,26,5,14,16
2023,8,26,6,12.6,16.4
2023,8,26,7,13.4,16.1
2023,8,26,8,13.2,16.2
2023,8,26,9,12.8,16.1
2023,8,26,10,12.7,16
2023,8,26,11,11.4,16
2023,8,26,12,9.9,15.8
2023,8,26,13,7.8,15.7
2023,8,26,14,6.8,15.2
2023,8,26,15,7.7,15.1
2023,8,26,16,6.1,15.5
2023,8,26,17,4.5,14.8
2023,8,26,18,3.2,16
2023,8,26,19,2.2,16.9
2023,8,26,20,1,16.3
2023,8,26,21,0.7,16.5
2023,8,26,22,2.1,18.9
2023,8,26,23,2.1,18
2023,8,27,0,3,16.3
2023,8,27,1,3.8,14.4
2023,8,27,2,5.9,15.5
2023,8,27,3,4.8,16.1
2023,8,27,4,5.2,17.1
2023,8,27,5,2.8,15.8
2023,8,27,6,4.4,16.3
2023,8,27,7,4.2,15.4
2023,8,27,8,5.5,14.7
2023,8,27,9,5.6,14.4
2023,8,27,10,7.5,14.9
2023,8,27,11,7.1,14.8
2023,8,27,12,5.9,14.9
2023,8,27,13,6.4,15.4
2023,8,27,14,6.7,15
2023,8,27,15,4.5,14.8
2023,8,27,16,4.4,16.4
2023,8,27,17,2,16.9
2023,8,27,18,2.7,18
2023,8,27,19,1,19.4
2023,8,27,20,3,18.6
2023,8,27,21,3.3,19.5
2023,8,27,22,3.6,18.2
2023,8,27,23,3.7,17.4
2023,8,28,0,2.9,15.3
2023,8,28,1,5.1,15.2
2023,8,28,2,3.9,15.3
2023,8,28,3,4.8,15.8
2023,8,28,4,4.1,15.7
2023,8,28,5,3.2,14.8
2023,8,28,6,4.6,15.1
2023,8,28,7,4.9,15.1
2023,8,28,8,3.6,14.3
2023,8,28,9,6.1,14.6
2023,8,28,10,5.1,15.3
2023,8,28,11,4.1,15.3
2023,8,28,12,5.2,16
2023,8,28,13,4.6,15.2
2023,8,28,14,2.4,15
2023,8,28,15,3.1,15.4
2023,8,28,16,4.2,15.9
2023,8,28,17,4.3,16.8
2023,8,28,18,5,18.1
2023,8,28,19,5.6,18.7
2023,8,28,20,5.3,19.2
2023,8,28,21,5.9,18.2
2023,8,28,22,6.4,17.6
2023,8,28,23,5.5,17.1
2023,8,29,0,6.1,16.9
2023,8,29,1,5.6,16.8
2023,8,29,2,5.8,16.7
2023,8,29,3,5.7,16.6
2023,8,29,4,3.9,16.6
2023,8,29,5,2.8,16.4
2023,8,29,6,2,16.2
2023,8,29,7,2.2,15.9
2023,8,29,8,4.2,16.5
2023,8,29,9,4.8,16.6
2023,8,29,10,6.4,16.3
2023,8,29,11,6.5,15.9
2023,8,29,12,3.7,15.6
2023,8,29,13,1.1,15.8
2023,8,29,14,3.1,16.9
2023,8,29,15,5.5,16.7
2023,8,29,16,3.1,16.6
2023,8,29,17,3.5,17.3
2023,8,29,18,1.8,16.4
2023,8,29,19,2.5,15.6
2023,8,29,20,4.4,15.4
2023,8,29,21,4.8,15.9
2023,8,29,22,4.8,15.4
2023,8,29,23,4.7,16
2023,8,30,0,6.5,16.8
2023,8,30,1,6.7,16.4
2023,8,30,2,6.6,16
2023,8,30,3,6.5,16
2023,8,30,4,6.5,16.2
2023,8,30,6,6.9,16.6
2023,8,30,7,6.7,16.4
2023,8,30,8,5.8,16.7
2023,8,30,9,6.2,16.9
2023,8,30,10,6.3,17.3
2023,8,30,11,5.7,18
2023,8,30,12,4.3,19.1
2023,8,30,13,3.9,17.8
2023,8,30,14,5.4,17.6
2023,8,30,15,5,17.4
2023,8,30,16,5.9,17.6
2023,8,30,17,6.5,17.3
2023,8,30,18,5,16.5
2023,8,30,19,3.3,16.9
2023,8,30,20,6.1,16.1
2023,8,30,21,8.8,16.1
2023,8,30,22,8.1,16
2023,8,30,23,6.4,15.4
2023,8,31,0,8.1,15.3
2023,8,31,1,7.7,15.6
2023,8,31,2,8.1,15.5
2023,8,31,3,7.4,15.6
2023,8,31,4,7.9,15.5
2023,8,31,5,5.3,15
2023,8,31,6,6.8,15.3
2023,8,31,7,6.3,16.1
2023,8,31,8,5.4,14.7
2023,8,31,9,5.9,15.8
2023,8,31,10,8.2,14.7
2023,8,31,11,9.4,14.6
2023,8,31,12,9.7,14.6
2023,8,31,13,5.9,14.3
2023,8,31,14,7.4,14.4
2023,8,31,15,4.3,14.3
2023,8,31,16,1.4,14.6
2023,8,31,17,5.3,15.7
2023,8,31,18,6.7,15.8
2023,8,31,19,6.9,15.9
2023,8,31,20,6.2,16
2023,8,31,21,6.4,17.5
2023,8,31,22,6.9,16.6
2023,8,31,23,8.6,16.5